{
  "type": "FeatureCollection",
  "generator": "overpass-turbo",
  "copyright": "The data included in this document is from www.openstreetmap.org. The data is made available under ODbL.",
  "timestamp": "2026-04-30T08:06:52Z",
  "features": [
    {
      "type": "Feature",
      "properties": {
        "@id": "node/29782996",
        "highway": "traffic_signals",
        "traffic_signals": "signal"
      },
      "geometry": {
        "type": "Point",
        "coordinates": [
          20.0279467,
          50.0798611
        ]
      },
      "id": "node/29782996"
    },
    {
      "type": "Feature",
      "properties": {
        "@id": "node/31349996",
        "highway": "traffic_signals"
      },
      "geometry": {
        "type": "Point",
        "coordinates": [
          19.941806,
          50.0516589
        ]
      },
      "id": "node/31349996"
    },
    {
      "type": "Feature",
      "properties": {
        "@id": "node/32067558",
        "highway": "traffic_signals"
      },
      "geometry": {
        "type": "Point",
        "coordinates": [
          19.8874219,
          50.088286
        ]
      },
      "id": "node/32067558"
    },
    {
      "type": "Feature",
      "properties": {
        "@id": "node/34797864",
        "highway": "traffic_signals"
      },
      "geometry": {
        "type": "Point",
        "coordinates": [
          20.0809237,
          49.9896109
        ]
      },
      "id": "node/34797864"
    },
    {
      "type": "Feature",
      "properties": {
        "@id": "node/34802096",
        "highway": "traffic_signals"
      },
      "geometry": {
        "type": "Point",
        "coordinates": [
          19.9145464,
          49.9874103
        ]
      },
      "id": "node/34802096"
    },
    {
      "type": "Feature",
      "properties": {
        "@id": "node/34805950",
        "highway": "traffic_signals",
        "traffic_signals:direction": "forward"
      },
      "geometry": {
        "type": "Point",
        "coordinates": [
          19.940974,
          50.0362607
        ]
      },
      "id": "node/34805950"
    },
    {
      "type": "Feature",
      "properties": {
        "@id": "node/34806061",
        "highway": "traffic_signals"
      },
      "geometry": {
        "type": "Point",
        "coordinates": [
          19.9754915,
          50.0593661
        ]
      },
      "id": "node/34806061"
    },
    {
      "type": "Feature",
      "properties": {
        "@id": "node/206347785",
        "highway": "traffic_signals"
      },
      "geometry": {
        "type": "Point",
        "coordinates": [
          19.8947449,
          50.0801097
        ]
      },
      "id": "node/206347785"
    },
    {
      "type": "Feature",
      "properties": {
        "@id": "node/206348682",
        "highway": "traffic_signals"
      },
      "geometry": {
        "type": "Point",
        "coordinates": [
          19.8952387,
          50.0711582
        ]
      },
      "id": "node/206348682"
    },
    {
      "type": "Feature",
      "properties": {
        "@id": "node/206348695",
        "highway": "traffic_signals"
      },
      "geometry": {
        "type": "Point",
        "coordinates": [
          19.9038963,
          50.0700104
        ]
      },
      "id": "node/206348695"
    },
    {
      "type": "Feature",
      "properties": {
        "@id": "node/206349424",
        "highway": "traffic_signals"
      },
      "geometry": {
        "type": "Point",
        "coordinates": [
          19.8873918,
          50.0759817
        ]
      },
      "id": "node/206349424"
    },
    {
      "type": "Feature",
      "properties": {
        "@id": "node/206350279",
        "highway": "traffic_signals"
      },
      "geometry": {
        "type": "Point",
        "coordinates": [
          19.9049496,
          50.0723471
        ]
      },
      "id": "node/206350279"
    },
    {
      "type": "Feature",
      "properties": {
        "@id": "node/206351226",
        "highway": "traffic_signals"
      },
      "geometry": {
        "type": "Point",
        "coordinates": [
          19.9153497,
          50.0816936
        ]
      },
      "id": "node/206351226"
    },
    {
      "type": "Feature",
      "properties": {
        "@id": "node/206351259",
        "highway": "traffic_signals"
      },
      "geometry": {
        "type": "Point",
        "coordinates": [
          19.9188586,
          50.080291
        ]
      },
      "id": "node/206351259"
    },
    {
      "type": "Feature",
      "properties": {
        "@id": "node/206370409",
        "highway": "traffic_signals"
      },
      "geometry": {
        "type": "Point",
        "coordinates": [
          20.037503,
          50.0714164
        ]
      },
      "id": "node/206370409"
    },
    {
      "type": "Feature",
      "properties": {
        "@id": "node/206371167",
        "highway": "traffic_signals",
        "traffic_signals:direction": "forward"
      },
      "geometry": {
        "type": "Point",
        "coordinates": [
          20.0179392,
          50.0733136
        ]
      },
      "id": "node/206371167"
    },
    {
      "type": "Feature",
      "properties": {
        "@id": "node/206374888",
        "highway": "traffic_signals"
      },
      "geometry": {
        "type": "Point",
        "coordinates": [
          19.9648235,
          50.0498754
        ]
      },
      "id": "node/206374888"
    },
    {
      "type": "Feature",
      "properties": {
        "@id": "node/207426330",
        "highway": "traffic_signals",
        "traffic_signals": "signal"
      },
      "geometry": {
        "type": "Point",
        "coordinates": [
          19.944778,
          50.0720137
        ]
      },
      "id": "node/207426330"
    },
    {
      "type": "Feature",
      "properties": {
        "@id": "node/207433776",
        "highway": "traffic_signals"
      },
      "geometry": {
        "type": "Point",
        "coordinates": [
          19.9315966,
          50.0724713
        ]
      },
      "id": "node/207433776"
    },
    {
      "type": "Feature",
      "properties": {
        "@id": "node/207435063",
        "highway": "traffic_signals"
      },
      "geometry": {
        "type": "Point",
        "coordinates": [
          19.9357462,
          50.073813
        ]
      },
      "id": "node/207435063"
    },
    {
      "type": "Feature",
      "properties": {
        "@id": "node/207435069",
        "highway": "traffic_signals"
      },
      "geometry": {
        "type": "Point",
        "coordinates": [
          19.9312448,
          50.0726533
        ]
      },
      "id": "node/207435069"
    },
    {
      "type": "Feature",
      "properties": {
        "@id": "node/207435827",
        "highway": "traffic_signals"
      },
      "geometry": {
        "type": "Point",
        "coordinates": [
          19.9263572,
          50.0692943
        ]
      },
      "id": "node/207435827"
    },
    {
      "type": "Feature",
      "properties": {
        "@id": "node/207439167",
        "highway": "traffic_signals"
      },
      "geometry": {
        "type": "Point",
        "coordinates": [
          19.9256441,
          50.0581534
        ]
      },
      "id": "node/207439167"
    },
    {
      "type": "Feature",
      "properties": {
        "@id": "node/207440039",
        "highway": "traffic_signals"
      },
      "geometry": {
        "type": "Point",
        "coordinates": [
          19.9275792,
          50.0552932
        ]
      },
      "id": "node/207440039"
    },
    {
      "type": "Feature",
      "properties": {
        "@id": "node/207452698",
        "highway": "traffic_signals"
      },
      "geometry": {
        "type": "Point",
        "coordinates": [
          19.9114575,
          50.0467108
        ]
      },
      "id": "node/207452698"
    },
    {
      "type": "Feature",
      "properties": {
        "@id": "node/207455370",
        "highway": "traffic_signals"
      },
      "geometry": {
        "type": "Point",
        "coordinates": [
          19.9116324,
          50.0467743
        ]
      },
      "id": "node/207455370"
    },
    {
      "type": "Feature",
      "properties": {
        "@id": "node/207460778",
        "highway": "traffic_signals"
      },
      "geometry": {
        "type": "Point",
        "coordinates": [
          19.9314869,
          50.0503734
        ]
      },
      "id": "node/207460778"
    },
    {
      "type": "Feature",
      "properties": {
        "@id": "node/207476249",
        "highway": "traffic_signals"
      },
      "geometry": {
        "type": "Point",
        "coordinates": [
          19.9898868,
          50.064529
        ]
      },
      "id": "node/207476249"
    },
    {
      "type": "Feature",
      "properties": {
        "@id": "node/207511936",
        "highway": "traffic_signals",
        "traffic_signals": "tram_priority",
        "traffic_signals:direction": "forward"
      },
      "geometry": {
        "type": "Point",
        "coordinates": [
          19.9841712,
          50.0719502
        ]
      },
      "id": "node/207511936"
    },
    {
      "type": "Feature",
      "properties": {
        "@id": "node/207513551",
        "highway": "traffic_signals"
      },
      "geometry": {
        "type": "Point",
        "coordinates": [
          19.9652074,
          50.0726694
        ]
      },
      "id": "node/207513551"
    },
    {
      "type": "Feature",
      "properties": {
        "@id": "node/207519163",
        "highway": "traffic_signals"
      },
      "geometry": {
        "type": "Point",
        "coordinates": [
          19.9617349,
          50.0694849
        ]
      },
      "id": "node/207519163"
    },
    {
      "type": "Feature",
      "properties": {
        "@id": "node/207522788",
        "highway": "traffic_signals",
        "traffic_signals": "signal"
      },
      "geometry": {
        "type": "Point",
        "coordinates": [
          19.9711591,
          50.0786242
        ]
      },
      "id": "node/207522788"
    },
    {
      "type": "Feature",
      "properties": {
        "@id": "node/213636357",
        "highway": "traffic_signals",
        "traffic_signals": "blinker"
      },
      "geometry": {
        "type": "Point",
        "coordinates": [
          20.020173,
          50.0845654
        ]
      },
      "id": "node/213636357"
    },
    {
      "type": "Feature",
      "properties": {
        "@id": "node/226010253",
        "highway": "traffic_signals"
      },
      "geometry": {
        "type": "Point",
        "coordinates": [
          19.9448267,
          50.0704019
        ]
      },
      "id": "node/226010253"
    },
    {
      "type": "Feature",
      "properties": {
        "@id": "node/226828656",
        "highway": "traffic_signals"
      },
      "geometry": {
        "type": "Point",
        "coordinates": [
          19.9155586,
          50.0729794
        ]
      },
      "id": "node/226828656"
    },
    {
      "type": "Feature",
      "properties": {
        "@id": "node/226828855",
        "highway": "traffic_signals"
      },
      "geometry": {
        "type": "Point",
        "coordinates": [
          19.9164705,
          50.0742803
        ]
      },
      "id": "node/226828855"
    },
    {
      "type": "Feature",
      "properties": {
        "@id": "node/226841632",
        "highway": "traffic_signals"
      },
      "geometry": {
        "type": "Point",
        "coordinates": [
          19.9144946,
          50.0712164
        ]
      },
      "id": "node/226841632"
    },
    {
      "type": "Feature",
      "properties": {
        "@id": "node/227454589",
        "highway": "traffic_signals"
      },
      "geometry": {
        "type": "Point",
        "coordinates": [
          19.9387443,
          50.0887613
        ]
      },
      "id": "node/227454589"
    },
    {
      "type": "Feature",
      "properties": {
        "@id": "node/227461830",
        "highway": "traffic_signals"
      },
      "geometry": {
        "type": "Point",
        "coordinates": [
          19.9228448,
          50.0910973
        ]
      },
      "id": "node/227461830"
    },
    {
      "type": "Feature",
      "properties": {
        "@id": "node/236151783",
        "highway": "traffic_signals"
      },
      "geometry": {
        "type": "Point",
        "coordinates": [
          19.9240686,
          50.063812
        ]
      },
      "id": "node/236151783"
    },
    {
      "type": "Feature",
      "properties": {
        "@id": "node/236151807",
        "highway": "traffic_signals"
      },
      "geometry": {
        "type": "Point",
        "coordinates": [
          19.9237373,
          50.0622555
        ]
      },
      "id": "node/236151807"
    },
    {
      "type": "Feature",
      "properties": {
        "@id": "node/236160046",
        "highway": "traffic_signals"
      },
      "geometry": {
        "type": "Point",
        "coordinates": [
          19.9244869,
          50.0656646
        ]
      },
      "id": "node/236160046"
    },
    {
      "type": "Feature",
      "properties": {
        "@id": "node/236160072",
        "highway": "traffic_signals"
      },
      "geometry": {
        "type": "Point",
        "coordinates": [
          19.9181422,
          50.0675701
        ]
      },
      "id": "node/236160072"
    },
    {
      "type": "Feature",
      "properties": {
        "@id": "node/236174501",
        "highway": "traffic_signals"
      },
      "geometry": {
        "type": "Point",
        "coordinates": [
          19.9358862,
          50.0918349
        ]
      },
      "id": "node/236174501"
    },
    {
      "type": "Feature",
      "properties": {
        "@id": "node/236175465",
        "highway": "traffic_signals"
      },
      "geometry": {
        "type": "Point",
        "coordinates": [
          19.9395117,
          50.0913481
        ]
      },
      "id": "node/236175465"
    },
    {
      "type": "Feature",
      "properties": {
        "@id": "node/236306981",
        "highway": "traffic_signals"
      },
      "geometry": {
        "type": "Point",
        "coordinates": [
          19.9136371,
          50.0679708
        ]
      },
      "id": "node/236306981"
    },
    {
      "type": "Feature",
      "properties": {
        "@id": "node/240971029",
        "highway": "traffic_signals"
      },
      "geometry": {
        "type": "Point",
        "coordinates": [
          19.926603,
          50.0690018
        ]
      },
      "id": "node/240971029"
    },
    {
      "type": "Feature",
      "properties": {
        "@id": "node/240977613",
        "highway": "traffic_signals"
      },
      "geometry": {
        "type": "Point",
        "coordinates": [
          19.9031572,
          50.0674147
        ]
      },
      "id": "node/240977613"
    },
    {
      "type": "Feature",
      "properties": {
        "@id": "node/240983545",
        "highway": "traffic_signals",
        "traffic_signals": "signal"
      },
      "geometry": {
        "type": "Point",
        "coordinates": [
          19.9062018,
          50.0757562
        ]
      },
      "id": "node/240983545"
    },
    {
      "type": "Feature",
      "properties": {
        "@id": "node/243350734",
        "highway": "traffic_signals",
        "traffic_signals": "signal"
      },
      "geometry": {
        "type": "Point",
        "coordinates": [
          19.967173,
          50.1200101
        ]
      },
      "id": "node/243350734"
    },
    {
      "type": "Feature",
      "properties": {
        "@id": "node/243358787",
        "highway": "traffic_signals"
      },
      "geometry": {
        "type": "Point",
        "coordinates": [
          20.0128742,
          50.0961127
        ]
      },
      "id": "node/243358787"
    },
    {
      "type": "Feature",
      "properties": {
        "@id": "node/243381406",
        "button_operated": "yes",
        "crossing": "traffic_signals",
        "crossing:island": "no",
        "crossing_ref": "zebra",
        "highway": "traffic_signals",
        "sidewalk:both:kerb": "lowered",
        "tactile_paving": "no",
        "traffic_signals": "signal"
      },
      "geometry": {
        "type": "Point",
        "coordinates": [
          19.9603857,
          50.0919717
        ]
      },
      "id": "node/243381406"
    },
    {
      "type": "Feature",
      "properties": {
        "@id": "node/243778577",
        "highway": "traffic_signals"
      },
      "geometry": {
        "type": "Point",
        "coordinates": [
          19.9477254,
          50.0880098
        ]
      },
      "id": "node/243778577"
    },
    {
      "type": "Feature",
      "properties": {
        "@id": "node/243778578",
        "highway": "traffic_signals"
      },
      "geometry": {
        "type": "Point",
        "coordinates": [
          19.9476023,
          50.0878613
        ]
      },
      "id": "node/243778578"
    },
    {
      "type": "Feature",
      "properties": {
        "@id": "node/243780700",
        "highway": "traffic_signals"
      },
      "geometry": {
        "type": "Point",
        "coordinates": [
          20.0131838,
          50.0981712
        ]
      },
      "id": "node/243780700"
    },
    {
      "type": "Feature",
      "properties": {
        "@id": "node/245226506",
        "highway": "traffic_signals"
      },
      "geometry": {
        "type": "Point",
        "coordinates": [
          19.913126,
          50.029968
        ]
      },
      "id": "node/245226506"
    },
    {
      "type": "Feature",
      "properties": {
        "@id": "node/245367999",
        "highway": "traffic_signals"
      },
      "geometry": {
        "type": "Point",
        "coordinates": [
          19.9205777,
          50.0316507
        ]
      },
      "id": "node/245367999"
    },
    {
      "type": "Feature",
      "properties": {
        "@id": "node/245371090",
        "highway": "traffic_signals"
      },
      "geometry": {
        "type": "Point",
        "coordinates": [
          19.9121673,
          50.030677
        ]
      },
      "id": "node/245371090"
    },
    {
      "type": "Feature",
      "properties": {
        "@id": "node/245373842",
        "highway": "traffic_signals"
      },
      "geometry": {
        "type": "Point",
        "coordinates": [
          19.9225847,
          50.0436871
        ]
      },
      "id": "node/245373842"
    },
    {
      "type": "Feature",
      "properties": {
        "@id": "node/245373846",
        "highway": "traffic_signals"
      },
      "geometry": {
        "type": "Point",
        "coordinates": [
          19.9241531,
          50.0411177
        ]
      },
      "id": "node/245373846"
    },
    {
      "type": "Feature",
      "properties": {
        "@id": "node/245421813",
        "highway": "traffic_signals"
      },
      "geometry": {
        "type": "Point",
        "coordinates": [
          19.9302316,
          50.0481806
        ]
      },
      "id": "node/245421813"
    },
    {
      "type": "Feature",
      "properties": {
        "@id": "node/245482839",
        "highway": "traffic_signals"
      },
      "geometry": {
        "type": "Point",
        "coordinates": [
          19.9058858,
          50.0270066
        ]
      },
      "id": "node/245482839"
    },
    {
      "type": "Feature",
      "properties": {
        "@id": "node/251691164",
        "highway": "traffic_signals"
      },
      "geometry": {
        "type": "Point",
        "coordinates": [
          19.9523646,
          50.0679267
        ]
      },
      "id": "node/251691164"
    },
    {
      "type": "Feature",
      "properties": {
        "@id": "node/258234547",
        "highway": "traffic_signals",
        "traffic_signals:sound": "yes"
      },
      "geometry": {
        "type": "Point",
        "coordinates": [
          19.9103539,
          50.0742026
        ]
      },
      "id": "node/258234547"
    },
    {
      "type": "Feature",
      "properties": {
        "@id": "node/258237434",
        "highway": "traffic_signals"
      },
      "geometry": {
        "type": "Point",
        "coordinates": [
          19.9345284,
          50.0734217
        ]
      },
      "id": "node/258237434"
    },
    {
      "type": "Feature",
      "properties": {
        "@id": "node/258237436",
        "highway": "traffic_signals"
      },
      "geometry": {
        "type": "Point",
        "coordinates": [
          19.9341415,
          50.073656
        ]
      },
      "id": "node/258237436"
    },
    {
      "type": "Feature",
      "properties": {
        "@id": "node/261678744",
        "highway": "traffic_signals"
      },
      "geometry": {
        "type": "Point",
        "coordinates": [
          19.9357859,
          50.0735188
        ]
      },
      "id": "node/261678744"
    },
    {
      "type": "Feature",
      "properties": {
        "@id": "node/261708618",
        "highway": "traffic_signals"
      },
      "geometry": {
        "type": "Point",
        "coordinates": [
          19.9524115,
          50.0499033
        ]
      },
      "id": "node/261708618"
    },
    {
      "type": "Feature",
      "properties": {
        "@id": "node/261737350",
        "highway": "traffic_signals"
      },
      "geometry": {
        "type": "Point",
        "coordinates": [
          19.8985018,
          50.0584089
        ]
      },
      "id": "node/261737350"
    },
    {
      "type": "Feature",
      "properties": {
        "@id": "node/261737379",
        "highway": "traffic_signals"
      },
      "geometry": {
        "type": "Point",
        "coordinates": [
          19.874153,
          50.0664794
        ]
      },
      "id": "node/261737379"
    },
    {
      "type": "Feature",
      "properties": {
        "@id": "node/261998545",
        "highway": "traffic_signals"
      },
      "geometry": {
        "type": "Point",
        "coordinates": [
          19.9553322,
          50.0454874
        ]
      },
      "id": "node/261998545"
    },
    {
      "type": "Feature",
      "properties": {
        "@id": "node/261998667",
        "highway": "traffic_signals"
      },
      "geometry": {
        "type": "Point",
        "coordinates": [
          19.9793609,
          50.0241651
        ]
      },
      "id": "node/261998667"
    },
    {
      "type": "Feature",
      "properties": {
        "@id": "node/262007348",
        "highway": "traffic_signals"
      },
      "geometry": {
        "type": "Point",
        "coordinates": [
          19.9040198,
          50.0699911
        ]
      },
      "id": "node/262007348"
    },
    {
      "type": "Feature",
      "properties": {
        "@id": "node/262007350",
        "highway": "traffic_signals"
      },
      "geometry": {
        "type": "Point",
        "coordinates": [
          19.9040664,
          50.0700955
        ]
      },
      "id": "node/262007350"
    },
    {
      "type": "Feature",
      "properties": {
        "@id": "node/262018917",
        "highway": "traffic_signals"
      },
      "geometry": {
        "type": "Point",
        "coordinates": [
          19.8721895,
          50.0461736
        ]
      },
      "id": "node/262018917"
    },
    {
      "type": "Feature",
      "properties": {
        "@id": "node/262064945",
        "highway": "traffic_signals"
      },
      "geometry": {
        "type": "Point",
        "coordinates": [
          19.8840666,
          50.0821293
        ]
      },
      "id": "node/262064945"
    },
    {
      "type": "Feature",
      "properties": {
        "@id": "node/262066287",
        "highway": "traffic_signals"
      },
      "geometry": {
        "type": "Point",
        "coordinates": [
          19.9492403,
          50.0785339
        ]
      },
      "id": "node/262066287"
    },
    {
      "type": "Feature",
      "properties": {
        "@id": "node/262210524",
        "highway": "traffic_signals"
      },
      "geometry": {
        "type": "Point",
        "coordinates": [
          19.9236099,
          50.0638726
        ]
      },
      "id": "node/262210524"
    },
    {
      "type": "Feature",
      "properties": {
        "@id": "node/262211781",
        "highway": "traffic_signals"
      },
      "geometry": {
        "type": "Point",
        "coordinates": [
          19.8974566,
          50.0790987
        ]
      },
      "id": "node/262211781"
    },
    {
      "type": "Feature",
      "properties": {
        "@id": "node/262378773",
        "button_operated": "no",
        "highway": "traffic_signals",
        "traffic_signals": "traffic_lights",
        "traffic_signals:direction": "forward",
        "traffic_signals:sound": "no"
      },
      "geometry": {
        "type": "Point",
        "coordinates": [
          19.9349795,
          50.0845242
        ]
      },
      "id": "node/262378773"
    },
    {
      "type": "Feature",
      "properties": {
        "@id": "node/263889092",
        "highway": "traffic_signals"
      },
      "geometry": {
        "type": "Point",
        "coordinates": [
          19.9147026,
          49.9873527
        ]
      },
      "id": "node/263889092"
    },
    {
      "type": "Feature",
      "properties": {
        "@id": "node/263889096",
        "highway": "traffic_signals"
      },
      "geometry": {
        "type": "Point",
        "coordinates": [
          19.9100072,
          49.9789406
        ]
      },
      "id": "node/263889096"
    },
    {
      "type": "Feature",
      "properties": {
        "@id": "node/263889098",
        "highway": "traffic_signals"
      },
      "geometry": {
        "type": "Point",
        "coordinates": [
          19.9101695,
          49.9789046
        ]
      },
      "id": "node/263889098"
    },
    {
      "type": "Feature",
      "properties": {
        "@id": "node/263900186",
        "highway": "traffic_signals"
      },
      "geometry": {
        "type": "Point",
        "coordinates": [
          19.9434461,
          50.005083
        ]
      },
      "id": "node/263900186"
    },
    {
      "type": "Feature",
      "properties": {
        "@id": "node/264004958",
        "highway": "traffic_signals"
      },
      "geometry": {
        "type": "Point",
        "coordinates": [
          19.9489493,
          50.0314496
        ]
      },
      "id": "node/264004958"
    },
    {
      "type": "Feature",
      "properties": {
        "@id": "node/266695294",
        "highway": "traffic_signals"
      },
      "geometry": {
        "type": "Point",
        "coordinates": [
          19.9232885,
          50.0621933
        ]
      },
      "id": "node/266695294"
    },
    {
      "type": "Feature",
      "properties": {
        "@id": "node/267031756",
        "highway": "traffic_signals"
      },
      "geometry": {
        "type": "Point",
        "coordinates": [
          19.9229074,
          50.0909382
        ]
      },
      "id": "node/267031756"
    },
    {
      "type": "Feature",
      "properties": {
        "@id": "node/267538291",
        "highway": "traffic_signals"
      },
      "geometry": {
        "type": "Point",
        "coordinates": [
          19.9203631,
          50.0729744
        ]
      },
      "id": "node/267538291"
    },
    {
      "type": "Feature",
      "properties": {
        "@id": "node/267567174",
        "highway": "traffic_signals"
      },
      "geometry": {
        "type": "Point",
        "coordinates": [
          19.8685755,
          50.0980207
        ]
      },
      "id": "node/267567174"
    },
    {
      "type": "Feature",
      "properties": {
        "@id": "node/268794051",
        "highway": "traffic_signals"
      },
      "geometry": {
        "type": "Point",
        "coordinates": [
          19.9148138,
          50.0527293
        ]
      },
      "id": "node/268794051"
    },
    {
      "type": "Feature",
      "properties": {
        "@id": "node/269325399",
        "highway": "traffic_signals"
      },
      "geometry": {
        "type": "Point",
        "coordinates": [
          19.9471501,
          50.0761601
        ]
      },
      "id": "node/269325399"
    },
    {
      "type": "Feature",
      "properties": {
        "@id": "node/269325450",
        "highway": "traffic_signals"
      },
      "geometry": {
        "type": "Point",
        "coordinates": [
          19.9524255,
          50.0680101
        ]
      },
      "id": "node/269325450"
    },
    {
      "type": "Feature",
      "properties": {
        "@id": "node/269330742",
        "highway": "traffic_signals"
      },
      "geometry": {
        "type": "Point",
        "coordinates": [
          19.9448148,
          50.070494
        ]
      },
      "id": "node/269330742"
    },
    {
      "type": "Feature",
      "properties": {
        "@id": "node/269651977",
        "button_operated": "yes",
        "crossing": "traffic_signals",
        "highway": "traffic_signals",
        "tactile_paving": "yes",
        "traffic_signals:sound": "yes"
      },
      "geometry": {
        "type": "Point",
        "coordinates": [
          19.9269262,
          50.0890143
        ]
      },
      "id": "node/269651977"
    },
    {
      "type": "Feature",
      "properties": {
        "@id": "node/269849536",
        "highway": "traffic_signals"
      },
      "geometry": {
        "type": "Point",
        "coordinates": [
          19.9409364,
          50.0283402
        ]
      },
      "id": "node/269849536"
    },
    {
      "type": "Feature",
      "properties": {
        "@id": "node/272273900",
        "highway": "traffic_signals"
      },
      "geometry": {
        "type": "Point",
        "coordinates": [
          19.9456142,
          50.0448349
        ]
      },
      "id": "node/272273900"
    },
    {
      "type": "Feature",
      "properties": {
        "@id": "node/272305554",
        "highway": "traffic_signals",
        "traffic_signals:direction": "forward"
      },
      "geometry": {
        "type": "Point",
        "coordinates": [
          19.9406251,
          50.0369876
        ]
      },
      "id": "node/272305554"
    },
    {
      "type": "Feature",
      "properties": {
        "@id": "node/272491932",
        "highway": "traffic_signals"
      },
      "geometry": {
        "type": "Point",
        "coordinates": [
          20.0044944,
          50.0391392
        ]
      },
      "id": "node/272491932"
    },
    {
      "type": "Feature",
      "properties": {
        "@id": "node/272491935",
        "highway": "traffic_signals"
      },
      "geometry": {
        "type": "Point",
        "coordinates": [
          20.0045546,
          50.0394176
        ]
      },
      "id": "node/272491935"
    },
    {
      "type": "Feature",
      "properties": {
        "@id": "node/272491994",
        "highway": "traffic_signals"
      },
      "geometry": {
        "type": "Point",
        "coordinates": [
          19.9838387,
          50.0407678
        ]
      },
      "id": "node/272491994"
    },
    {
      "type": "Feature",
      "properties": {
        "@id": "node/272496214",
        "highway": "traffic_signals"
      },
      "geometry": {
        "type": "Point",
        "coordinates": [
          19.9442755,
          50.0099811
        ]
      },
      "id": "node/272496214"
    },
    {
      "type": "Feature",
      "properties": {
        "@id": "node/272504128",
        "highway": "traffic_signals"
      },
      "geometry": {
        "type": "Point",
        "coordinates": [
          19.940977,
          50.0284859
        ]
      },
      "id": "node/272504128"
    },
    {
      "type": "Feature",
      "properties": {
        "@id": "node/272504187",
        "highway": "traffic_signals"
      },
      "geometry": {
        "type": "Point",
        "coordinates": [
          19.9468319,
          50.0328641
        ]
      },
      "id": "node/272504187"
    },
    {
      "type": "Feature",
      "properties": {
        "@id": "node/272505855",
        "highway": "traffic_signals"
      },
      "geometry": {
        "type": "Point",
        "coordinates": [
          19.9457014,
          50.032762
        ]
      },
      "id": "node/272505855"
    },
    {
      "type": "Feature",
      "properties": {
        "@id": "node/272505857",
        "highway": "traffic_signals"
      },
      "geometry": {
        "type": "Point",
        "coordinates": [
          19.9458975,
          50.0326036
        ]
      },
      "id": "node/272505857"
    },
    {
      "type": "Feature",
      "properties": {
        "@id": "node/272505884",
        "highway": "traffic_signals"
      },
      "geometry": {
        "type": "Point",
        "coordinates": [
          19.9457878,
          50.0336708
        ]
      },
      "id": "node/272505884"
    },
    {
      "type": "Feature",
      "properties": {
        "@id": "node/276376710",
        "highway": "traffic_signals"
      },
      "geometry": {
        "type": "Point",
        "coordinates": [
          19.971981,
          50.0793616
        ]
      },
      "id": "node/276376710"
    },
    {
      "type": "Feature",
      "properties": {
        "@id": "node/276630138",
        "highway": "traffic_signals"
      },
      "geometry": {
        "type": "Point",
        "coordinates": [
          19.944262,
          50.0057776
        ]
      },
      "id": "node/276630138"
    },
    {
      "type": "Feature",
      "properties": {
        "@id": "node/276630146",
        "highway": "traffic_signals"
      },
      "geometry": {
        "type": "Point",
        "coordinates": [
          19.9443509,
          50.0055606
        ]
      },
      "id": "node/276630146"
    },
    {
      "type": "Feature",
      "properties": {
        "@id": "node/276630152",
        "highway": "traffic_signals"
      },
      "geometry": {
        "type": "Point",
        "coordinates": [
          19.945064,
          50.0057761
        ]
      },
      "id": "node/276630152"
    },
    {
      "type": "Feature",
      "properties": {
        "@id": "node/276630223",
        "highway": "traffic_signals"
      },
      "geometry": {
        "type": "Point",
        "coordinates": [
          19.9436268,
          50.0050542
        ]
      },
      "id": "node/276630223"
    },
    {
      "type": "Feature",
      "properties": {
        "@id": "node/277285473",
        "highway": "traffic_signals"
      },
      "geometry": {
        "type": "Point",
        "coordinates": [
          19.961515,
          50.0419821
        ]
      },
      "id": "node/277285473"
    },
    {
      "type": "Feature",
      "properties": {
        "@id": "node/278213733",
        "highway": "traffic_signals"
      },
      "geometry": {
        "type": "Point",
        "coordinates": [
          19.948205,
          50.0585284
        ]
      },
      "id": "node/278213733"
    },
    {
      "type": "Feature",
      "properties": {
        "@id": "node/280606754",
        "highway": "traffic_signals"
      },
      "geometry": {
        "type": "Point",
        "coordinates": [
          19.9710806,
          50.0152163
        ]
      },
      "id": "node/280606754"
    },
    {
      "type": "Feature",
      "properties": {
        "@id": "node/280606851",
        "highway": "traffic_signals"
      },
      "geometry": {
        "type": "Point",
        "coordinates": [
          19.9709337,
          50.0154558
        ]
      },
      "id": "node/280606851"
    },
    {
      "type": "Feature",
      "properties": {
        "@id": "node/282709165",
        "highway": "traffic_signals"
      },
      "geometry": {
        "type": "Point",
        "coordinates": [
          20.0529521,
          50.0762734
        ]
      },
      "id": "node/282709165"
    },
    {
      "type": "Feature",
      "properties": {
        "@id": "node/283832948",
        "highway": "traffic_signals",
        "traffic_signals": "signal"
      },
      "geometry": {
        "type": "Point",
        "coordinates": [
          19.8460053,
          50.0839374
        ]
      },
      "id": "node/283832948"
    },
    {
      "type": "Feature",
      "properties": {
        "@id": "node/286869030",
        "highway": "traffic_signals",
        "traffic_signals:direction": "forward"
      },
      "geometry": {
        "type": "Point",
        "coordinates": [
          20.0379567,
          50.0853649
        ]
      },
      "id": "node/286869030"
    },
    {
      "type": "Feature",
      "properties": {
        "@id": "node/287672955",
        "bicycle": "yes",
        "button_operated": "no",
        "crossing": "traffic_signals",
        "crossing:island": "no",
        "crossing:markings": "zebra",
        "highway": "traffic_signals",
        "kerb": "lowered",
        "supervised": "no",
        "tactile_paving": "no",
        "traffic_signals:sound": "yes",
        "traffic_signals:vibration": "yes"
      },
      "geometry": {
        "type": "Point",
        "coordinates": [
          19.9987923,
          50.0138993
        ]
      },
      "id": "node/287672955"
    },
    {
      "type": "Feature",
      "properties": {
        "@id": "node/287895915",
        "highway": "traffic_signals"
      },
      "geometry": {
        "type": "Point",
        "coordinates": [
          19.9773888,
          50.018827
        ]
      },
      "id": "node/287895915"
    },
    {
      "type": "Feature",
      "properties": {
        "@id": "node/288029205",
        "highway": "traffic_signals"
      },
      "geometry": {
        "type": "Point",
        "coordinates": [
          19.9589544,
          50.0286659
        ]
      },
      "id": "node/288029205"
    },
    {
      "type": "Feature",
      "properties": {
        "@id": "node/288038829",
        "highway": "traffic_signals"
      },
      "geometry": {
        "type": "Point",
        "coordinates": [
          19.9768252,
          50.0268603
        ]
      },
      "id": "node/288038829"
    },
    {
      "type": "Feature",
      "properties": {
        "@id": "node/288048560",
        "highway": "traffic_signals"
      },
      "geometry": {
        "type": "Point",
        "coordinates": [
          19.9441111,
          50.0099542
        ]
      },
      "id": "node/288048560"
    },
    {
      "type": "Feature",
      "properties": {
        "@id": "node/288184007",
        "highway": "traffic_signals",
        "traffic_signals:direction": "forward"
      },
      "geometry": {
        "type": "Point",
        "coordinates": [
          19.9867585,
          50.0194862
        ]
      },
      "id": "node/288184007"
    },
    {
      "type": "Feature",
      "properties": {
        "@id": "node/289143030",
        "highway": "traffic_signals"
      },
      "geometry": {
        "type": "Point",
        "coordinates": [
          19.9446643,
          50.0715153
        ]
      },
      "id": "node/289143030"
    },
    {
      "type": "Feature",
      "properties": {
        "@id": "node/292035842",
        "highway": "traffic_signals",
        "traffic_signals": "signal"
      },
      "geometry": {
        "type": "Point",
        "coordinates": [
          19.9065287,
          49.9734676
        ]
      },
      "id": "node/292035842"
    },
    {
      "type": "Feature",
      "properties": {
        "@id": "node/296001057",
        "highway": "traffic_signals"
      },
      "geometry": {
        "type": "Point",
        "coordinates": [
          19.7978855,
          50.1140802
        ]
      },
      "id": "node/296001057"
    },
    {
      "type": "Feature",
      "properties": {
        "@id": "node/305845714",
        "highway": "traffic_signals"
      },
      "geometry": {
        "type": "Point",
        "coordinates": [
          19.9289443,
          50.0303866
        ]
      },
      "id": "node/305845714"
    },
    {
      "type": "Feature",
      "properties": {
        "@id": "node/310155733",
        "highway": "traffic_signals"
      },
      "geometry": {
        "type": "Point",
        "coordinates": [
          19.966579,
          50.0272087
        ]
      },
      "id": "node/310155733"
    },
    {
      "type": "Feature",
      "properties": {
        "@id": "node/310156272",
        "highway": "traffic_signals",
        "traffic_signals:direction": "forward"
      },
      "geometry": {
        "type": "Point",
        "coordinates": [
          19.948423,
          50.0318052
        ]
      },
      "id": "node/310156272"
    },
    {
      "type": "Feature",
      "properties": {
        "@id": "node/310654607",
        "highway": "traffic_signals"
      },
      "geometry": {
        "type": "Point",
        "coordinates": [
          19.9449729,
          50.0705245
        ]
      },
      "id": "node/310654607"
    },
    {
      "type": "Feature",
      "properties": {
        "@id": "node/310654608",
        "highway": "traffic_signals"
      },
      "geometry": {
        "type": "Point",
        "coordinates": [
          19.9449702,
          50.0704089
        ]
      },
      "id": "node/310654608"
    },
    {
      "type": "Feature",
      "properties": {
        "@id": "node/310654742",
        "highway": "traffic_signals"
      },
      "geometry": {
        "type": "Point",
        "coordinates": [
          19.9448429,
          50.0715183
        ]
      },
      "id": "node/310654742"
    },
    {
      "type": "Feature",
      "properties": {
        "@id": "node/316800847",
        "highway": "traffic_signals",
        "traffic_signals": "signal"
      },
      "geometry": {
        "type": "Point",
        "coordinates": [
          19.9727116,
          50.0447144
        ]
      },
      "id": "node/316800847"
    },
    {
      "type": "Feature",
      "properties": {
        "@id": "node/316800946",
        "highway": "traffic_signals"
      },
      "geometry": {
        "type": "Point",
        "coordinates": [
          19.9726278,
          50.0453143
        ]
      },
      "id": "node/316800946"
    },
    {
      "type": "Feature",
      "properties": {
        "@id": "node/316801000",
        "highway": "traffic_signals"
      },
      "geometry": {
        "type": "Point",
        "coordinates": [
          19.9679974,
          50.0486574
        ]
      },
      "id": "node/316801000"
    },
    {
      "type": "Feature",
      "properties": {
        "@id": "node/316801008",
        "highway": "traffic_signals"
      },
      "geometry": {
        "type": "Point",
        "coordinates": [
          19.9681834,
          50.0488154
        ]
      },
      "id": "node/316801008"
    },
    {
      "type": "Feature",
      "properties": {
        "@id": "node/316801098",
        "highway": "traffic_signals"
      },
      "geometry": {
        "type": "Point",
        "coordinates": [
          19.9836264,
          50.0451945
        ]
      },
      "id": "node/316801098"
    },
    {
      "type": "Feature",
      "properties": {
        "@id": "node/321373872",
        "highway": "traffic_signals",
        "traffic_signals:direction": "backward"
      },
      "geometry": {
        "type": "Point",
        "coordinates": [
          19.956089,
          50.0871944
        ]
      },
      "id": "node/321373872"
    },
    {
      "type": "Feature",
      "properties": {
        "@id": "node/321881839",
        "highway": "traffic_signals"
      },
      "geometry": {
        "type": "Point",
        "coordinates": [
          19.9793207,
          50.0754987
        ]
      },
      "id": "node/321881839"
    },
    {
      "type": "Feature",
      "properties": {
        "@id": "node/322053423",
        "highway": "traffic_signals"
      },
      "geometry": {
        "type": "Point",
        "coordinates": [
          19.9660196,
          50.0272035
        ]
      },
      "id": "node/322053423"
    },
    {
      "type": "Feature",
      "properties": {
        "@id": "node/322057499",
        "highway": "traffic_signals"
      },
      "geometry": {
        "type": "Point",
        "coordinates": [
          19.9255532,
          50.0350986
        ]
      },
      "id": "node/322057499"
    },
    {
      "type": "Feature",
      "properties": {
        "@id": "node/322679804",
        "highway": "traffic_signals"
      },
      "geometry": {
        "type": "Point",
        "coordinates": [
          19.9996146,
          50.0946705
        ]
      },
      "id": "node/322679804"
    },
    {
      "type": "Feature",
      "properties": {
        "@id": "node/322694900",
        "highway": "traffic_signals"
      },
      "geometry": {
        "type": "Point",
        "coordinates": [
          20.0121296,
          50.0690504
        ]
      },
      "id": "node/322694900"
    },
    {
      "type": "Feature",
      "properties": {
        "@id": "node/322750827",
        "highway": "traffic_signals"
      },
      "geometry": {
        "type": "Point",
        "coordinates": [
          20.0037484,
          50.0877648
        ]
      },
      "id": "node/322750827"
    },
    {
      "type": "Feature",
      "properties": {
        "@id": "node/322918724",
        "highway": "traffic_signals"
      },
      "geometry": {
        "type": "Point",
        "coordinates": [
          19.9395589,
          50.0914939
        ]
      },
      "id": "node/322918724"
    },
    {
      "type": "Feature",
      "properties": {
        "@id": "node/323810547",
        "highway": "traffic_signals",
        "traffic_signals": "blinker"
      },
      "geometry": {
        "type": "Point",
        "coordinates": [
          20.0132145,
          50.069518
        ]
      },
      "id": "node/323810547"
    },
    {
      "type": "Feature",
      "properties": {
        "@id": "node/323811033",
        "highway": "traffic_signals",
        "traffic_signals:direction": "forward"
      },
      "geometry": {
        "type": "Point",
        "coordinates": [
          20.0119581,
          50.0695217
        ]
      },
      "id": "node/323811033"
    },
    {
      "type": "Feature",
      "properties": {
        "@id": "node/325817816",
        "highway": "traffic_signals"
      },
      "geometry": {
        "type": "Point",
        "coordinates": [
          20.0474534,
          49.9945285
        ]
      },
      "id": "node/325817816"
    },
    {
      "type": "Feature",
      "properties": {
        "@id": "node/355578965",
        "highway": "traffic_signals"
      },
      "geometry": {
        "type": "Point",
        "coordinates": [
          19.9999616,
          50.039855
        ]
      },
      "id": "node/355578965"
    },
    {
      "type": "Feature",
      "properties": {
        "@id": "node/425223663",
        "highway": "traffic_signals"
      },
      "geometry": {
        "type": "Point",
        "coordinates": [
          20.0042977,
          50.0391569
        ]
      },
      "id": "node/425223663"
    },
    {
      "type": "Feature",
      "properties": {
        "@id": "node/451185250",
        "highway": "traffic_signals"
      },
      "geometry": {
        "type": "Point",
        "coordinates": [
          19.927208,
          50.0114382
        ]
      },
      "id": "node/451185250"
    },
    {
      "type": "Feature",
      "properties": {
        "@id": "node/494601371",
        "highway": "traffic_signals"
      },
      "geometry": {
        "type": "Point",
        "coordinates": [
          19.9260284,
          50.0693473
        ]
      },
      "id": "node/494601371"
    },
    {
      "type": "Feature",
      "properties": {
        "@id": "node/506889779",
        "highway": "traffic_signals"
      },
      "geometry": {
        "type": "Point",
        "coordinates": [
          20.0365635,
          50.071979
        ]
      },
      "id": "node/506889779"
    },
    {
      "type": "Feature",
      "properties": {
        "@id": "node/525336384",
        "highway": "traffic_signals"
      },
      "geometry": {
        "type": "Point",
        "coordinates": [
          20.0108205,
          50.0091018
        ]
      },
      "id": "node/525336384"
    },
    {
      "type": "Feature",
      "properties": {
        "@id": "node/525336387",
        "highway": "traffic_signals"
      },
      "geometry": {
        "type": "Point",
        "coordinates": [
          19.9866367,
          50.0198494
        ]
      },
      "id": "node/525336387"
    },
    {
      "type": "Feature",
      "properties": {
        "@id": "node/525336388",
        "highway": "traffic_signals"
      },
      "geometry": {
        "type": "Point",
        "coordinates": [
          19.9873122,
          50.0196499
        ]
      },
      "id": "node/525336388"
    },
    {
      "type": "Feature",
      "properties": {
        "@id": "node/525336392",
        "highway": "traffic_signals"
      },
      "geometry": {
        "type": "Point",
        "coordinates": [
          20.0089733,
          50.0101121
        ]
      },
      "id": "node/525336392"
    },
    {
      "type": "Feature",
      "properties": {
        "@id": "node/535162747",
        "highway": "traffic_signals"
      },
      "geometry": {
        "type": "Point",
        "coordinates": [
          19.8734089,
          50.1128625
        ]
      },
      "id": "node/535162747"
    },
    {
      "type": "Feature",
      "properties": {
        "@id": "node/613775637",
        "highway": "traffic_signals"
      },
      "geometry": {
        "type": "Point",
        "coordinates": [
          19.9542055,
          50.0296168
        ]
      },
      "id": "node/613775637"
    },
    {
      "type": "Feature",
      "properties": {
        "@id": "node/622594620",
        "highway": "traffic_signals"
      },
      "geometry": {
        "type": "Point",
        "coordinates": [
          19.9767202,
          50.0268448
        ]
      },
      "id": "node/622594620"
    },
    {
      "type": "Feature",
      "properties": {
        "@id": "node/623520634",
        "bicycle": "yes",
        "button_operated": "yes",
        "crossing": "traffic_signals",
        "crossing:island": "no",
        "crossing:markings": "zebra",
        "highway": "traffic_signals",
        "tactile_paving": "no",
        "traffic_signals:sound": "yes",
        "traffic_signals:vibration": "no"
      },
      "geometry": {
        "type": "Point",
        "coordinates": [
          19.9990406,
          50.0139834
        ]
      },
      "id": "node/623520634"
    },
    {
      "type": "Feature",
      "properties": {
        "@id": "node/699818773",
        "highway": "traffic_signals",
        "traffic_signals": "signal",
        "traffic_signals:direction": "forward"
      },
      "geometry": {
        "type": "Point",
        "coordinates": [
          20.0608359,
          49.9843975
        ]
      },
      "id": "node/699818773"
    },
    {
      "type": "Feature",
      "properties": {
        "@id": "node/699818809",
        "highway": "traffic_signals"
      },
      "geometry": {
        "type": "Point",
        "coordinates": [
          20.0616956,
          49.9859952
        ]
      },
      "id": "node/699818809"
    },
    {
      "type": "Feature",
      "properties": {
        "@id": "node/699818818",
        "highway": "traffic_signals"
      },
      "geometry": {
        "type": "Point",
        "coordinates": [
          20.0626141,
          49.9874299
        ]
      },
      "id": "node/699818818"
    },
    {
      "type": "Feature",
      "properties": {
        "@id": "node/699818897",
        "highway": "traffic_signals"
      },
      "geometry": {
        "type": "Point",
        "coordinates": [
          20.0708337,
          49.9851384
        ]
      },
      "id": "node/699818897"
    },
    {
      "type": "Feature",
      "properties": {
        "@id": "node/715191574",
        "bicycle": "yes",
        "button_operated": "no",
        "crossing": "traffic_signals",
        "highway": "traffic_signals",
        "tactile_paving": "yes",
        "traffic_signals:sound": "yes",
        "traffic_signals:vibration": "no"
      },
      "geometry": {
        "type": "Point",
        "coordinates": [
          19.9811152,
          50.0235441
        ]
      },
      "id": "node/715191574"
    },
    {
      "type": "Feature",
      "properties": {
        "@id": "node/930262491",
        "highway": "traffic_signals"
      },
      "geometry": {
        "type": "Point",
        "coordinates": [
          19.9760556,
          50.0597114
        ]
      },
      "id": "node/930262491"
    },
    {
      "type": "Feature",
      "properties": {
        "@id": "node/932454913",
        "highway": "traffic_signals"
      },
      "geometry": {
        "type": "Point",
        "coordinates": [
          19.9592409,
          50.0580181
        ]
      },
      "id": "node/932454913"
    },
    {
      "type": "Feature",
      "properties": {
        "@id": "node/932454932",
        "highway": "traffic_signals"
      },
      "geometry": {
        "type": "Point",
        "coordinates": [
          19.9587857,
          50.0572981
        ]
      },
      "id": "node/932454932"
    },
    {
      "type": "Feature",
      "properties": {
        "@id": "node/936578516",
        "highway": "traffic_signals"
      },
      "geometry": {
        "type": "Point",
        "coordinates": [
          20.0043413,
          50.0394388
        ]
      },
      "id": "node/936578516"
    },
    {
      "type": "Feature",
      "properties": {
        "@id": "node/944094830",
        "highway": "traffic_signals"
      },
      "geometry": {
        "type": "Point",
        "coordinates": [
          19.9970709,
          50.0653295
        ]
      },
      "id": "node/944094830"
    },
    {
      "type": "Feature",
      "properties": {
        "@id": "node/964568227",
        "highway": "traffic_signals",
        "traffic_signals:direction": "backward"
      },
      "geometry": {
        "type": "Point",
        "coordinates": [
          19.9952089,
          50.0740448
        ]
      },
      "id": "node/964568227"
    },
    {
      "type": "Feature",
      "properties": {
        "@id": "node/966554917",
        "highway": "traffic_signals"
      },
      "geometry": {
        "type": "Point",
        "coordinates": [
          20.0268103,
          50.0790943
        ]
      },
      "id": "node/966554917"
    },
    {
      "type": "Feature",
      "properties": {
        "@id": "node/1030117379",
        "highway": "traffic_signals",
        "traffic_signals": "signal"
      },
      "geometry": {
        "type": "Point",
        "coordinates": [
          20.0276441,
          50.0793075
        ]
      },
      "id": "node/1030117379"
    },
    {
      "type": "Feature",
      "properties": {
        "@id": "node/1076940757",
        "highway": "traffic_signals"
      },
      "geometry": {
        "type": "Point",
        "coordinates": [
          19.9564303,
          50.0126481
        ]
      },
      "id": "node/1076940757"
    },
    {
      "type": "Feature",
      "properties": {
        "@id": "node/1076940833",
        "highway": "traffic_signals"
      },
      "geometry": {
        "type": "Point",
        "coordinates": [
          19.9564019,
          50.012544
        ]
      },
      "id": "node/1076940833"
    },
    {
      "type": "Feature",
      "properties": {
        "@id": "node/1079540139",
        "highway": "traffic_signals"
      },
      "geometry": {
        "type": "Point",
        "coordinates": [
          19.9792042,
          50.0241469
        ]
      },
      "id": "node/1079540139"
    },
    {
      "type": "Feature",
      "properties": {
        "@id": "node/1079540168",
        "highway": "traffic_signals"
      },
      "geometry": {
        "type": "Point",
        "coordinates": [
          19.9814464,
          50.0229923
        ]
      },
      "id": "node/1079540168"
    },
    {
      "type": "Feature",
      "properties": {
        "@id": "node/1079816490",
        "highway": "traffic_signals"
      },
      "geometry": {
        "type": "Point",
        "coordinates": [
          19.9281625,
          50.0712957
        ]
      },
      "id": "node/1079816490"
    },
    {
      "type": "Feature",
      "properties": {
        "@id": "node/1079816552",
        "cycleway": "asl",
        "highway": "traffic_signals"
      },
      "geometry": {
        "type": "Point",
        "coordinates": [
          19.9296071,
          50.0712219
        ]
      },
      "id": "node/1079816552"
    },
    {
      "type": "Feature",
      "properties": {
        "@id": "node/1080043278",
        "highway": "traffic_signals"
      },
      "geometry": {
        "type": "Point",
        "coordinates": [
          19.9386948,
          50.0736848
        ]
      },
      "id": "node/1080043278"
    },
    {
      "type": "Feature",
      "properties": {
        "@id": "node/1080683664",
        "highway": "traffic_signals"
      },
      "geometry": {
        "type": "Point",
        "coordinates": [
          19.9777047,
          50.0678537
        ]
      },
      "id": "node/1080683664"
    },
    {
      "type": "Feature",
      "properties": {
        "@id": "node/1207991874",
        "highway": "traffic_signals"
      },
      "geometry": {
        "type": "Point",
        "coordinates": [
          19.9457026,
          50.0149562
        ]
      },
      "id": "node/1207991874"
    },
    {
      "type": "Feature",
      "properties": {
        "@id": "node/1243483338",
        "highway": "traffic_signals",
        "road_marking": "stop_line",
        "stroke": "dashed"
      },
      "geometry": {
        "type": "Point",
        "coordinates": [
          19.932639,
          50.0492637
        ]
      },
      "id": "node/1243483338"
    },
    {
      "type": "Feature",
      "properties": {
        "@id": "node/1254314095",
        "highway": "traffic_signals"
      },
      "geometry": {
        "type": "Point",
        "coordinates": [
          19.9273406,
          50.0114128
        ]
      },
      "id": "node/1254314095"
    },
    {
      "type": "Feature",
      "properties": {
        "@id": "node/1267929163",
        "highway": "traffic_signals",
        "traffic_signals": "signal"
      },
      "geometry": {
        "type": "Point",
        "coordinates": [
          19.9124239,
          49.9832966
        ]
      },
      "id": "node/1267929163"
    },
    {
      "type": "Feature",
      "properties": {
        "@id": "node/1267929481",
        "highway": "traffic_signals",
        "traffic_signals": "signal"
      },
      "geometry": {
        "type": "Point",
        "coordinates": [
          19.9122318,
          49.9832661
        ]
      },
      "id": "node/1267929481"
    },
    {
      "type": "Feature",
      "properties": {
        "@id": "node/1289597429",
        "highway": "traffic_signals",
        "traffic_signals": "signal"
      },
      "geometry": {
        "type": "Point",
        "coordinates": [
          19.9776301,
          50.040532
        ]
      },
      "id": "node/1289597429"
    },
    {
      "type": "Feature",
      "properties": {
        "@id": "node/1314394598",
        "highway": "traffic_signals"
      },
      "geometry": {
        "type": "Point",
        "coordinates": [
          19.9216624,
          50.0456355
        ]
      },
      "id": "node/1314394598"
    },
    {
      "type": "Feature",
      "properties": {
        "@id": "node/1349573528",
        "highway": "traffic_signals",
        "traffic_signals": "blinker"
      },
      "geometry": {
        "type": "Point",
        "coordinates": [
          19.9099854,
          50.0287632
        ]
      },
      "id": "node/1349573528"
    },
    {
      "type": "Feature",
      "properties": {
        "@id": "node/1351352529",
        "crossing": "traffic_signals",
        "highway": "traffic_signals",
        "tactile_paving": "no",
        "traffic_signals:sound": "no",
        "traffic_signals:vibration": "no"
      },
      "geometry": {
        "type": "Point",
        "coordinates": [
          20.0806929,
          49.989604
        ]
      },
      "id": "node/1351352529"
    },
    {
      "type": "Feature",
      "properties": {
        "@id": "node/1371563520",
        "highway": "traffic_signals",
        "traffic_signals": "signal"
      },
      "geometry": {
        "type": "Point",
        "coordinates": [
          19.9255745,
          50.0306088
        ]
      },
      "id": "node/1371563520"
    },
    {
      "type": "Feature",
      "properties": {
        "@id": "node/1405864184",
        "button_operated": "yes",
        "crossing": "traffic_signals",
        "crossing:island": "no",
        "crossing:markings": "zebra:bicolour",
        "crossing:markings:colour": "red",
        "highway": "traffic_signals",
        "kerb": "lowered",
        "supervised": "no",
        "tactile_paving": "yes",
        "traffic_signals:direction": "both",
        "traffic_signals:sound": "yes"
      },
      "geometry": {
        "type": "Point",
        "coordinates": [
          19.9450656,
          50.0936951
        ]
      },
      "id": "node/1405864184"
    },
    {
      "type": "Feature",
      "properties": {
        "@id": "node/1406268762",
        "highway": "traffic_signals",
        "traffic_signals:direction": "forward"
      },
      "geometry": {
        "type": "Point",
        "coordinates": [
          20.0261014,
          50.0016246
        ]
      },
      "id": "node/1406268762"
    },
    {
      "type": "Feature",
      "properties": {
        "@id": "node/1420320326",
        "highway": "traffic_signals"
      },
      "geometry": {
        "type": "Point",
        "coordinates": [
          19.9453909,
          50.0315285
        ]
      },
      "id": "node/1420320326"
    },
    {
      "type": "Feature",
      "properties": {
        "@id": "node/1446085878",
        "highway": "traffic_signals"
      },
      "geometry": {
        "type": "Point",
        "coordinates": [
          19.9473881,
          50.075957
        ]
      },
      "id": "node/1446085878"
    },
    {
      "type": "Feature",
      "properties": {
        "@id": "node/1448506737",
        "highway": "traffic_signals"
      },
      "geometry": {
        "type": "Point",
        "coordinates": [
          19.9241041,
          50.0657727
        ]
      },
      "id": "node/1448506737"
    },
    {
      "type": "Feature",
      "properties": {
        "@id": "node/1448506739",
        "highway": "traffic_signals"
      },
      "geometry": {
        "type": "Point",
        "coordinates": [
          19.9244198,
          50.0660925
        ]
      },
      "id": "node/1448506739"
    },
    {
      "type": "Feature",
      "properties": {
        "@id": "node/1483996919",
        "highway": "traffic_signals"
      },
      "geometry": {
        "type": "Point",
        "coordinates": [
          19.8876698,
          50.0885304
        ]
      },
      "id": "node/1483996919"
    },
    {
      "type": "Feature",
      "properties": {
        "@id": "node/1504913951",
        "highway": "traffic_signals",
        "traffic_signals:direction": "forward"
      },
      "geometry": {
        "type": "Point",
        "coordinates": [
          19.8923974,
          50.0877607
        ]
      },
      "id": "node/1504913951"
    },
    {
      "type": "Feature",
      "properties": {
        "@id": "node/1505690070",
        "highway": "traffic_signals"
      },
      "geometry": {
        "type": "Point",
        "coordinates": [
          19.9756283,
          50.0592164
        ]
      },
      "id": "node/1505690070"
    },
    {
      "type": "Feature",
      "properties": {
        "@id": "node/1505690112",
        "highway": "traffic_signals"
      },
      "geometry": {
        "type": "Point",
        "coordinates": [
          19.9754342,
          50.0592857
        ]
      },
      "id": "node/1505690112"
    },
    {
      "type": "Feature",
      "properties": {
        "@id": "node/1505690378",
        "highway": "traffic_signals"
      },
      "geometry": {
        "type": "Point",
        "coordinates": [
          19.9794351,
          50.0607596
        ]
      },
      "id": "node/1505690378"
    },
    {
      "type": "Feature",
      "properties": {
        "@id": "node/1505690413",
        "highway": "traffic_signals",
        "traffic_signals": "tram_priority"
      },
      "geometry": {
        "type": "Point",
        "coordinates": [
          19.9798062,
          50.0611395
        ]
      },
      "id": "node/1505690413"
    },
    {
      "type": "Feature",
      "properties": {
        "@id": "node/1540113003",
        "highway": "traffic_signals"
      },
      "geometry": {
        "type": "Point",
        "coordinates": [
          19.9205756,
          50.03154
        ]
      },
      "id": "node/1540113003"
    },
    {
      "type": "Feature",
      "properties": {
        "@id": "node/1541292462",
        "highway": "traffic_signals",
        "traffic_signals": "signal"
      },
      "geometry": {
        "type": "Point",
        "coordinates": [
          20.0743245,
          50.0638201
        ]
      },
      "id": "node/1541292462"
    },
    {
      "type": "Feature",
      "properties": {
        "@id": "node/1541292515",
        "highway": "traffic_signals",
        "traffic_signals": "signal"
      },
      "geometry": {
        "type": "Point",
        "coordinates": [
          20.0738624,
          50.0643942
        ]
      },
      "id": "node/1541292515"
    },
    {
      "type": "Feature",
      "properties": {
        "@id": "node/1542271684",
        "highway": "traffic_signals",
        "traffic_signals": "signal"
      },
      "geometry": {
        "type": "Point",
        "coordinates": [
          20.0725994,
          50.0643581
        ]
      },
      "id": "node/1542271684"
    },
    {
      "type": "Feature",
      "properties": {
        "@id": "node/1542271716",
        "highway": "traffic_signals",
        "traffic_signals": "signal"
      },
      "geometry": {
        "type": "Point",
        "coordinates": [
          20.0731415,
          50.0636649
        ]
      },
      "id": "node/1542271716"
    },
    {
      "type": "Feature",
      "properties": {
        "@id": "node/1552132916",
        "highway": "traffic_signals"
      },
      "geometry": {
        "type": "Point",
        "coordinates": [
          19.9261899,
          50.0304257
        ]
      },
      "id": "node/1552132916"
    },
    {
      "type": "Feature",
      "properties": {
        "@id": "node/1552132937",
        "highway": "traffic_signals"
      },
      "geometry": {
        "type": "Point",
        "coordinates": [
          19.926361,
          50.0305201
        ]
      },
      "id": "node/1552132937"
    },
    {
      "type": "Feature",
      "properties": {
        "@id": "node/1552132946",
        "highway": "traffic_signals"
      },
      "geometry": {
        "type": "Point",
        "coordinates": [
          19.9258396,
          50.030984
        ]
      },
      "id": "node/1552132946"
    },
    {
      "type": "Feature",
      "properties": {
        "@id": "node/1615671340",
        "highway": "traffic_signals",
        "traffic_signals:direction": "backward"
      },
      "geometry": {
        "type": "Point",
        "coordinates": [
          20.0124281,
          50.0689408
        ]
      },
      "id": "node/1615671340"
    },
    {
      "type": "Feature",
      "properties": {
        "@id": "node/1668947262",
        "highway": "traffic_signals"
      },
      "geometry": {
        "type": "Point",
        "coordinates": [
          19.9639869,
          50.0663668
        ]
      },
      "id": "node/1668947262"
    },
    {
      "type": "Feature",
      "properties": {
        "@id": "node/1674681597",
        "highway": "traffic_signals"
      },
      "geometry": {
        "type": "Point",
        "coordinates": [
          19.9253387,
          50.0071784
        ]
      },
      "id": "node/1674681597"
    },
    {
      "type": "Feature",
      "properties": {
        "@id": "node/1684082592",
        "button_operated": "yes",
        "crossing": "traffic_signals",
        "highway": "traffic_signals",
        "tactile_paving": "no"
      },
      "geometry": {
        "type": "Point",
        "coordinates": [
          20.0807842,
          49.9900471
        ]
      },
      "id": "node/1684082592"
    },
    {
      "type": "Feature",
      "properties": {
        "@id": "node/1686648314",
        "highway": "traffic_signals"
      },
      "geometry": {
        "type": "Point",
        "coordinates": [
          19.9814379,
          50.0487519
        ]
      },
      "id": "node/1686648314"
    },
    {
      "type": "Feature",
      "properties": {
        "@id": "node/1686648316",
        "highway": "traffic_signals"
      },
      "geometry": {
        "type": "Point",
        "coordinates": [
          19.9820543,
          50.0487835
        ]
      },
      "id": "node/1686648316"
    },
    {
      "type": "Feature",
      "properties": {
        "@id": "node/1686648319",
        "highway": "traffic_signals"
      },
      "geometry": {
        "type": "Point",
        "coordinates": [
          19.9813953,
          50.0491696
        ]
      },
      "id": "node/1686648319"
    },
    {
      "type": "Feature",
      "properties": {
        "@id": "node/1686648320",
        "highway": "traffic_signals"
      },
      "geometry": {
        "type": "Point",
        "coordinates": [
          19.9820306,
          50.0491803
        ]
      },
      "id": "node/1686648320"
    },
    {
      "type": "Feature",
      "properties": {
        "@id": "node/1688065053",
        "highway": "traffic_signals"
      },
      "geometry": {
        "type": "Point",
        "coordinates": [
          19.9337533,
          50.0837999
        ]
      },
      "id": "node/1688065053"
    },
    {
      "type": "Feature",
      "properties": {
        "@id": "node/1688065285",
        "highway": "traffic_signals"
      },
      "geometry": {
        "type": "Point",
        "coordinates": [
          19.9340158,
          50.0843269
        ]
      },
      "id": "node/1688065285"
    },
    {
      "type": "Feature",
      "properties": {
        "@id": "node/1690275126",
        "highway": "traffic_signals"
      },
      "geometry": {
        "type": "Point",
        "coordinates": [
          20.0044685,
          50.0665943
        ]
      },
      "id": "node/1690275126"
    },
    {
      "type": "Feature",
      "properties": {
        "@id": "node/1690275132",
        "highway": "traffic_signals"
      },
      "geometry": {
        "type": "Point",
        "coordinates": [
          20.0036636,
          50.0666722
        ]
      },
      "id": "node/1690275132"
    },
    {
      "type": "Feature",
      "properties": {
        "@id": "node/1690275161",
        "highway": "traffic_signals"
      },
      "geometry": {
        "type": "Point",
        "coordinates": [
          20.005102,
          50.067452
        ]
      },
      "id": "node/1690275161"
    },
    {
      "type": "Feature",
      "properties": {
        "@id": "node/1690275165",
        "highway": "traffic_signals"
      },
      "geometry": {
        "type": "Point",
        "coordinates": [
          20.0040536,
          50.0674917
        ]
      },
      "id": "node/1690275165"
    },
    {
      "type": "Feature",
      "properties": {
        "@id": "node/1690275172",
        "highway": "traffic_signals"
      },
      "geometry": {
        "type": "Point",
        "coordinates": [
          20.01244,
          50.0694754
        ]
      },
      "id": "node/1690275172"
    },
    {
      "type": "Feature",
      "properties": {
        "@id": "node/1692479646",
        "highway": "traffic_signals"
      },
      "geometry": {
        "type": "Point",
        "coordinates": [
          19.9949873,
          50.0736797
        ]
      },
      "id": "node/1692479646"
    },
    {
      "type": "Feature",
      "properties": {
        "@id": "node/1692479649",
        "highway": "traffic_signals"
      },
      "geometry": {
        "type": "Point",
        "coordinates": [
          19.9955752,
          50.0738909
        ]
      },
      "id": "node/1692479649"
    },
    {
      "type": "Feature",
      "properties": {
        "@id": "node/1695136793",
        "highway": "traffic_signals"
      },
      "geometry": {
        "type": "Point",
        "coordinates": [
          19.9129622,
          50.0893271
        ]
      },
      "id": "node/1695136793"
    },
    {
      "type": "Feature",
      "properties": {
        "@id": "node/1695136806",
        "highway": "traffic_signals"
      },
      "geometry": {
        "type": "Point",
        "coordinates": [
          19.9134194,
          50.089509
        ]
      },
      "id": "node/1695136806"
    },
    {
      "type": "Feature",
      "properties": {
        "@id": "node/1696191690",
        "highway": "traffic_signals"
      },
      "geometry": {
        "type": "Point",
        "coordinates": [
          20.0072128,
          50.0936574
        ]
      },
      "id": "node/1696191690"
    },
    {
      "type": "Feature",
      "properties": {
        "@id": "node/1702742073",
        "highway": "traffic_signals"
      },
      "geometry": {
        "type": "Point",
        "coordinates": [
          19.9591396,
          50.0570729
        ]
      },
      "id": "node/1702742073"
    },
    {
      "type": "Feature",
      "properties": {
        "@id": "node/1702742153",
        "highway": "traffic_signals"
      },
      "geometry": {
        "type": "Point",
        "coordinates": [
          19.9580521,
          50.0574237
        ]
      },
      "id": "node/1702742153"
    },
    {
      "type": "Feature",
      "properties": {
        "@id": "node/1702742210",
        "highway": "traffic_signals"
      },
      "geometry": {
        "type": "Point",
        "coordinates": [
          19.9582283,
          50.0577634
        ]
      },
      "id": "node/1702742210"
    },
    {
      "type": "Feature",
      "properties": {
        "@id": "node/1702742211",
        "highway": "traffic_signals"
      },
      "geometry": {
        "type": "Point",
        "coordinates": [
          19.959983,
          50.0579221
        ]
      },
      "id": "node/1702742211"
    },
    {
      "type": "Feature",
      "properties": {
        "@id": "node/1702742219",
        "highway": "traffic_signals"
      },
      "geometry": {
        "type": "Point",
        "coordinates": [
          19.9588804,
          50.0582731
        ]
      },
      "id": "node/1702742219"
    },
    {
      "type": "Feature",
      "properties": {
        "@id": "node/1702742524",
        "highway": "traffic_signals",
        "traffic_signals:direction": "backward"
      },
      "geometry": {
        "type": "Point",
        "coordinates": [
          20.013382,
          50.0856609
        ]
      },
      "id": "node/1702742524"
    },
    {
      "type": "Feature",
      "properties": {
        "@id": "node/1702742563",
        "highway": "traffic_signals"
      },
      "geometry": {
        "type": "Point",
        "coordinates": [
          20.0131465,
          50.0858716
        ]
      },
      "id": "node/1702742563"
    },
    {
      "type": "Feature",
      "properties": {
        "@id": "node/1702742568",
        "highway": "traffic_signals"
      },
      "geometry": {
        "type": "Point",
        "coordinates": [
          20.0138782,
          50.0859284
        ]
      },
      "id": "node/1702742568"
    },
    {
      "type": "Feature",
      "properties": {
        "@id": "node/1702742574",
        "highway": "traffic_signals",
        "traffic_signals:direction": "backward"
      },
      "geometry": {
        "type": "Point",
        "coordinates": [
          20.0135986,
          50.0861552
        ]
      },
      "id": "node/1702742574"
    },
    {
      "type": "Feature",
      "properties": {
        "@id": "node/1702742635",
        "highway": "traffic_signals"
      },
      "geometry": {
        "type": "Point",
        "coordinates": [
          19.9915197,
          50.0870779
        ]
      },
      "id": "node/1702742635"
    },
    {
      "type": "Feature",
      "properties": {
        "@id": "node/1702742679",
        "highway": "traffic_signals"
      },
      "geometry": {
        "type": "Point",
        "coordinates": [
          19.9919986,
          50.0872732
        ]
      },
      "id": "node/1702742679"
    },
    {
      "type": "Feature",
      "properties": {
        "@id": "node/1702742681",
        "highway": "traffic_signals"
      },
      "geometry": {
        "type": "Point",
        "coordinates": [
          20.0014779,
          50.0873644
        ]
      },
      "id": "node/1702742681"
    },
    {
      "type": "Feature",
      "properties": {
        "@id": "node/1702742682",
        "highway": "traffic_signals"
      },
      "geometry": {
        "type": "Point",
        "coordinates": [
          19.9915978,
          50.0873991
        ]
      },
      "id": "node/1702742682"
    },
    {
      "type": "Feature",
      "properties": {
        "@id": "node/1702742712",
        "highway": "traffic_signals"
      },
      "geometry": {
        "type": "Point",
        "coordinates": [
          20.00091,
          50.0875845
        ]
      },
      "id": "node/1702742712"
    },
    {
      "type": "Feature",
      "properties": {
        "@id": "node/1702742729",
        "highway": "traffic_signals"
      },
      "geometry": {
        "type": "Point",
        "coordinates": [
          20.0018035,
          50.0877958
        ]
      },
      "id": "node/1702742729"
    },
    {
      "type": "Feature",
      "properties": {
        "@id": "node/1702742760",
        "highway": "traffic_signals"
      },
      "geometry": {
        "type": "Point",
        "coordinates": [
          20.0012903,
          50.088014
        ]
      },
      "id": "node/1702742760"
    },
    {
      "type": "Feature",
      "properties": {
        "@id": "node/1704925969",
        "highway": "traffic_signals"
      },
      "geometry": {
        "type": "Point",
        "coordinates": [
          19.9876684,
          50.0638437
        ]
      },
      "id": "node/1704925969"
    },
    {
      "type": "Feature",
      "properties": {
        "@id": "node/1704926061",
        "highway": "traffic_signals"
      },
      "geometry": {
        "type": "Point",
        "coordinates": [
          19.9881303,
          50.0641761
        ]
      },
      "id": "node/1704926061"
    },
    {
      "type": "Feature",
      "properties": {
        "@id": "node/1704926064",
        "highway": "traffic_signals"
      },
      "geometry": {
        "type": "Point",
        "coordinates": [
          19.9880982,
          50.0642164
        ]
      },
      "id": "node/1704926064"
    },
    {
      "type": "Feature",
      "properties": {
        "@id": "node/1704926091",
        "highway": "traffic_signals"
      },
      "geometry": {
        "type": "Point",
        "coordinates": [
          19.9880953,
          50.0642768
        ]
      },
      "id": "node/1704926091"
    },
    {
      "type": "Feature",
      "properties": {
        "@id": "node/1704926118",
        "highway": "traffic_signals"
      },
      "geometry": {
        "type": "Point",
        "coordinates": [
          19.9966045,
          50.0654235
        ]
      },
      "id": "node/1704926118"
    },
    {
      "type": "Feature",
      "properties": {
        "@id": "node/1704926143",
        "highway": "traffic_signals"
      },
      "geometry": {
        "type": "Point",
        "coordinates": [
          19.9971645,
          50.065747
        ]
      },
      "id": "node/1704926143"
    },
    {
      "type": "Feature",
      "properties": {
        "@id": "node/1709355396",
        "highway": "traffic_signals"
      },
      "geometry": {
        "type": "Point",
        "coordinates": [
          19.9792891,
          50.0857054
        ]
      },
      "id": "node/1709355396"
    },
    {
      "type": "Feature",
      "properties": {
        "@id": "node/1709355402",
        "highway": "traffic_signals"
      },
      "geometry": {
        "type": "Point",
        "coordinates": [
          19.9799042,
          50.0859271
        ]
      },
      "id": "node/1709355402"
    },
    {
      "type": "Feature",
      "properties": {
        "@id": "node/1710282925",
        "highway": "traffic_signals"
      },
      "geometry": {
        "type": "Point",
        "coordinates": [
          19.8506593,
          50.10621
        ]
      },
      "id": "node/1710282925"
    },
    {
      "type": "Feature",
      "properties": {
        "@id": "node/1710282934",
        "highway": "traffic_signals"
      },
      "geometry": {
        "type": "Point",
        "coordinates": [
          19.8497664,
          50.106222
        ]
      },
      "id": "node/1710282934"
    },
    {
      "type": "Feature",
      "properties": {
        "@id": "node/1710283006",
        "highway": "traffic_signals"
      },
      "geometry": {
        "type": "Point",
        "coordinates": [
          19.8502348,
          50.1064833
        ]
      },
      "id": "node/1710283006"
    },
    {
      "type": "Feature",
      "properties": {
        "@id": "node/1737910301",
        "highway": "traffic_signals",
        "traffic_signals:direction": "forward"
      },
      "geometry": {
        "type": "Point",
        "coordinates": [
          20.0169848,
          50.0735726
        ]
      },
      "id": "node/1737910301"
    },
    {
      "type": "Feature",
      "properties": {
        "@id": "node/1737910317",
        "highway": "traffic_signals",
        "traffic_signals:direction": "forward"
      },
      "geometry": {
        "type": "Point",
        "coordinates": [
          20.0177482,
          50.0737786
        ]
      },
      "id": "node/1737910317"
    },
    {
      "type": "Feature",
      "properties": {
        "@id": "node/1738710538",
        "highway": "traffic_signals"
      },
      "geometry": {
        "type": "Point",
        "coordinates": [
          19.9168952,
          50.0315175
        ]
      },
      "id": "node/1738710538"
    },
    {
      "type": "Feature",
      "properties": {
        "@id": "node/1746093503",
        "highway": "traffic_signals"
      },
      "geometry": {
        "type": "Point",
        "coordinates": [
          19.9541993,
          50.086097
        ]
      },
      "id": "node/1746093503"
    },
    {
      "type": "Feature",
      "properties": {
        "@id": "node/1746093507",
        "highway": "traffic_signals"
      },
      "geometry": {
        "type": "Point",
        "coordinates": [
          19.9548635,
          50.0864576
        ]
      },
      "id": "node/1746093507"
    },
    {
      "type": "Feature",
      "properties": {
        "@id": "node/1747182922",
        "highway": "traffic_signals"
      },
      "geometry": {
        "type": "Point",
        "coordinates": [
          19.9798031,
          50.0751049
        ]
      },
      "id": "node/1747182922"
    },
    {
      "type": "Feature",
      "properties": {
        "@id": "node/1751465787",
        "highway": "traffic_signals"
      },
      "geometry": {
        "type": "Point",
        "coordinates": [
          19.9645776,
          50.0497567
        ]
      },
      "id": "node/1751465787"
    },
    {
      "type": "Feature",
      "properties": {
        "@id": "node/1762770640",
        "highway": "traffic_signals"
      },
      "geometry": {
        "type": "Point",
        "coordinates": [
          19.921609,
          50.0452798
        ]
      },
      "id": "node/1762770640"
    },
    {
      "type": "Feature",
      "properties": {
        "@id": "node/1762770642",
        "highway": "traffic_signals"
      },
      "geometry": {
        "type": "Point",
        "coordinates": [
          19.9217245,
          50.0452883
        ]
      },
      "id": "node/1762770642"
    },
    {
      "type": "Feature",
      "properties": {
        "@id": "node/1762770677",
        "highway": "traffic_signals"
      },
      "geometry": {
        "type": "Point",
        "coordinates": [
          19.9211197,
          50.0456956
        ]
      },
      "id": "node/1762770677"
    },
    {
      "type": "Feature",
      "properties": {
        "@id": "node/1763772059",
        "highway": "traffic_signals",
        "traffic_signals": "signal",
        "traffic_signals:direction": "forward"
      },
      "geometry": {
        "type": "Point",
        "coordinates": [
          20.0578612,
          50.0675848
        ]
      },
      "id": "node/1763772059"
    },
    {
      "type": "Feature",
      "properties": {
        "@id": "node/1774391563",
        "highway": "traffic_signals"
      },
      "geometry": {
        "type": "Point",
        "coordinates": [
          19.9169748,
          50.0314324
        ]
      },
      "id": "node/1774391563"
    },
    {
      "type": "Feature",
      "properties": {
        "@id": "node/1774391569",
        "highway": "traffic_signals"
      },
      "geometry": {
        "type": "Point",
        "coordinates": [
          19.9126014,
          50.029616
        ]
      },
      "id": "node/1774391569"
    },
    {
      "type": "Feature",
      "properties": {
        "@id": "node/1781610616",
        "highway": "traffic_signals"
      },
      "geometry": {
        "type": "Point",
        "coordinates": [
          19.9224894,
          50.0436088
        ]
      },
      "id": "node/1781610616"
    },
    {
      "type": "Feature",
      "properties": {
        "@id": "node/1782936607",
        "highway": "traffic_signals"
      },
      "geometry": {
        "type": "Point",
        "coordinates": [
          19.8991727,
          50.0884941
        ]
      },
      "id": "node/1782936607"
    },
    {
      "type": "Feature",
      "properties": {
        "@id": "node/1782936671",
        "highway": "traffic_signals"
      },
      "geometry": {
        "type": "Point",
        "coordinates": [
          19.8993415,
          50.0888486
        ]
      },
      "id": "node/1782936671"
    },
    {
      "type": "Feature",
      "properties": {
        "@id": "node/1782936769",
        "highway": "traffic_signals"
      },
      "geometry": {
        "type": "Point",
        "coordinates": [
          19.899679,
          50.0883683
        ]
      },
      "id": "node/1782936769"
    },
    {
      "type": "Feature",
      "properties": {
        "@id": "node/1782936789",
        "highway": "traffic_signals"
      },
      "geometry": {
        "type": "Point",
        "coordinates": [
          19.8998576,
          50.0887308
        ]
      },
      "id": "node/1782936789"
    },
    {
      "type": "Feature",
      "properties": {
        "@id": "node/1785417496",
        "highway": "traffic_signals"
      },
      "geometry": {
        "type": "Point",
        "coordinates": [
          19.9257722,
          50.0306069
        ]
      },
      "id": "node/1785417496"
    },
    {
      "type": "Feature",
      "properties": {
        "@id": "node/1798870686",
        "highway": "traffic_signals",
        "traffic_signals:direction": "forward"
      },
      "geometry": {
        "type": "Point",
        "coordinates": [
          19.940591,
          50.0359478
        ]
      },
      "id": "node/1798870686"
    },
    {
      "type": "Feature",
      "properties": {
        "@id": "node/1798870688",
        "highway": "traffic_signals",
        "traffic_signals:direction": "forward"
      },
      "geometry": {
        "type": "Point",
        "coordinates": [
          19.9412669,
          50.03624
        ]
      },
      "id": "node/1798870688"
    },
    {
      "type": "Feature",
      "properties": {
        "@id": "node/1798870692",
        "highway": "traffic_signals",
        "traffic_signals:direction": "forward"
      },
      "geometry": {
        "type": "Point",
        "coordinates": [
          19.9401941,
          50.0365683
        ]
      },
      "id": "node/1798870692"
    },
    {
      "type": "Feature",
      "properties": {
        "@id": "node/1798872935",
        "highway": "traffic_signals"
      },
      "geometry": {
        "type": "Point",
        "coordinates": [
          19.9254212,
          50.0591594
        ]
      },
      "id": "node/1798872935"
    },
    {
      "type": "Feature",
      "properties": {
        "@id": "node/1798872937",
        "highway": "traffic_signals",
        "traffic_signals:direction": "backward"
      },
      "geometry": {
        "type": "Point",
        "coordinates": [
          19.9245803,
          50.059259
        ]
      },
      "id": "node/1798872937"
    },
    {
      "type": "Feature",
      "properties": {
        "@id": "node/1798872941",
        "direction": "forward",
        "highway": "traffic_signals"
      },
      "geometry": {
        "type": "Point",
        "coordinates": [
          19.9255192,
          50.0593917
        ]
      },
      "id": "node/1798872941"
    },
    {
      "type": "Feature",
      "properties": {
        "@id": "node/1798872942",
        "highway": "traffic_signals"
      },
      "geometry": {
        "type": "Point",
        "coordinates": [
          19.9247106,
          50.0595147
        ]
      },
      "id": "node/1798872942"
    },
    {
      "type": "Feature",
      "properties": {
        "@id": "node/1798879420",
        "highway": "traffic_signals"
      },
      "geometry": {
        "type": "Point",
        "coordinates": [
          19.9455298,
          50.0314097
        ]
      },
      "id": "node/1798879420"
    },
    {
      "type": "Feature",
      "properties": {
        "@id": "node/1798879444",
        "direction": "forward",
        "highway": "traffic_signals"
      },
      "geometry": {
        "type": "Point",
        "coordinates": [
          19.9469169,
          50.0330055
        ]
      },
      "id": "node/1798879444"
    },
    {
      "type": "Feature",
      "properties": {
        "@id": "node/1798879449",
        "highway": "traffic_signals",
        "traffic_signals:direction": "forward"
      },
      "geometry": {
        "type": "Point",
        "coordinates": [
          19.945883,
          50.0338257
        ]
      },
      "id": "node/1798879449"
    },
    {
      "type": "Feature",
      "properties": {
        "@id": "node/1798881582",
        "highway": "traffic_signals"
      },
      "geometry": {
        "type": "Point",
        "coordinates": [
          19.957892,
          50.0889739
        ]
      },
      "id": "node/1798881582"
    },
    {
      "type": "Feature",
      "properties": {
        "@id": "node/1798881583",
        "highway": "traffic_signals",
        "traffic_signals:direction": "forward"
      },
      "geometry": {
        "type": "Point",
        "coordinates": [
          19.9582649,
          50.0889698
        ]
      },
      "id": "node/1798881583"
    },
    {
      "type": "Feature",
      "properties": {
        "@id": "node/1798887566",
        "bicycle": "yes",
        "button_operated": "no",
        "crossing": "traffic_signals",
        "crossing:island": "no",
        "crossing:markings": "zebra",
        "highway": "traffic_signals",
        "tactile_paving": "yes",
        "traffic_signals:sound": "yes",
        "traffic_signals:vibration": "no"
      },
      "geometry": {
        "type": "Point",
        "coordinates": [
          19.9992002,
          50.0137684
        ]
      },
      "id": "node/1798887566"
    },
    {
      "type": "Feature",
      "properties": {
        "@id": "node/1798893366",
        "highway": "traffic_signals"
      },
      "geometry": {
        "type": "Point",
        "coordinates": [
          19.9260577,
          50.0581866
        ]
      },
      "id": "node/1798893366"
    },
    {
      "type": "Feature",
      "properties": {
        "@id": "node/1798893368",
        "highway": "traffic_signals"
      },
      "geometry": {
        "type": "Point",
        "coordinates": [
          19.9255426,
          50.0582964
        ]
      },
      "id": "node/1798893368"
    },
    {
      "type": "Feature",
      "properties": {
        "@id": "node/1798898144",
        "highway": "traffic_signals"
      },
      "geometry": {
        "type": "Point",
        "coordinates": [
          19.9247428,
          50.0656352
        ]
      },
      "id": "node/1798898144"
    },
    {
      "type": "Feature",
      "properties": {
        "@id": "node/1798898224",
        "highway": "traffic_signals"
      },
      "geometry": {
        "type": "Point",
        "coordinates": [
          19.9264568,
          50.0687852
        ]
      },
      "id": "node/1798898224"
    },
    {
      "type": "Feature",
      "properties": {
        "@id": "node/1798898457",
        "highway": "traffic_signals"
      },
      "geometry": {
        "type": "Point",
        "coordinates": [
          19.9288843,
          50.0710514
        ]
      },
      "id": "node/1798898457"
    },
    {
      "type": "Feature",
      "properties": {
        "@id": "node/1801883901",
        "highway": "traffic_signals"
      },
      "geometry": {
        "type": "Point",
        "coordinates": [
          19.9204774,
          50.0315615
        ]
      },
      "id": "node/1801883901"
    },
    {
      "type": "Feature",
      "properties": {
        "@id": "node/1803095915",
        "highway": "traffic_signals"
      },
      "geometry": {
        "type": "Point",
        "coordinates": [
          19.9253062,
          50.0344886
        ]
      },
      "id": "node/1803095915"
    },
    {
      "type": "Feature",
      "properties": {
        "@id": "node/1810655732",
        "highway": "traffic_signals"
      },
      "geometry": {
        "type": "Point",
        "coordinates": [
          19.8981383,
          50.0204225
        ]
      },
      "id": "node/1810655732"
    },
    {
      "type": "Feature",
      "properties": {
        "@id": "node/1810655734",
        "highway": "traffic_signals"
      },
      "geometry": {
        "type": "Point",
        "coordinates": [
          19.902118,
          50.0242449
        ]
      },
      "id": "node/1810655734"
    },
    {
      "type": "Feature",
      "properties": {
        "@id": "node/1810655739",
        "highway": "traffic_signals"
      },
      "geometry": {
        "type": "Point",
        "coordinates": [
          19.9047362,
          50.0263739
        ]
      },
      "id": "node/1810655739"
    },
    {
      "type": "Feature",
      "properties": {
        "@id": "node/1810655742",
        "highway": "traffic_signals"
      },
      "geometry": {
        "type": "Point",
        "coordinates": [
          19.9046104,
          50.0264925
        ]
      },
      "id": "node/1810655742"
    },
    {
      "type": "Feature",
      "properties": {
        "@id": "node/1840652336",
        "highway": "traffic_signals"
      },
      "geometry": {
        "type": "Point",
        "coordinates": [
          19.9438371,
          50.0899746
        ]
      },
      "id": "node/1840652336"
    },
    {
      "type": "Feature",
      "properties": {
        "@id": "node/1840652340",
        "highway": "traffic_signals"
      },
      "geometry": {
        "type": "Point",
        "coordinates": [
          19.9432253,
          50.0900782
        ]
      },
      "id": "node/1840652340"
    },
    {
      "type": "Feature",
      "properties": {
        "@id": "node/1840652352",
        "highway": "traffic_signals",
        "traffic_signals:direction": "forward"
      },
      "geometry": {
        "type": "Point",
        "coordinates": [
          19.9436481,
          50.0902858
        ]
      },
      "id": "node/1840652352"
    },
    {
      "type": "Feature",
      "properties": {
        "@id": "node/1841214400",
        "highway": "traffic_signals",
        "traffic_signals:direction": "forward"
      },
      "geometry": {
        "type": "Point",
        "coordinates": [
          20.0056384,
          50.0915802
        ]
      },
      "id": "node/1841214400"
    },
    {
      "type": "Feature",
      "properties": {
        "@id": "node/1841370086",
        "highway": "traffic_signals",
        "traffic_signals:direction": "forward"
      },
      "geometry": {
        "type": "Point",
        "coordinates": [
          19.9942607,
          50.0954027
        ]
      },
      "id": "node/1841370086"
    },
    {
      "type": "Feature",
      "properties": {
        "@id": "node/1841370094",
        "highway": "traffic_signals",
        "traffic_signals:direction": "forward"
      },
      "geometry": {
        "type": "Point",
        "coordinates": [
          19.9940199,
          50.0955001
        ]
      },
      "id": "node/1841370094"
    },
    {
      "type": "Feature",
      "properties": {
        "@id": "node/1841370106",
        "highway": "traffic_signals",
        "traffic_signals:direction": "forward"
      },
      "geometry": {
        "type": "Point",
        "coordinates": [
          19.9944959,
          50.0955818
        ]
      },
      "id": "node/1841370106"
    },
    {
      "type": "Feature",
      "properties": {
        "@id": "node/1841370110",
        "highway": "traffic_signals",
        "traffic_signals:direction": "backward"
      },
      "geometry": {
        "type": "Point",
        "coordinates": [
          19.9942494,
          50.0957008
        ]
      },
      "id": "node/1841370110"
    },
    {
      "type": "Feature",
      "properties": {
        "@id": "node/1847668491",
        "highway": "traffic_signals",
        "traffic_signals": "signal"
      },
      "geometry": {
        "type": "Point",
        "coordinates": [
          19.9670236,
          50.1330742
        ]
      },
      "id": "node/1847668491"
    },
    {
      "type": "Feature",
      "properties": {
        "@id": "node/1849455845",
        "highway": "traffic_signals",
        "traffic_signals": "signal"
      },
      "geometry": {
        "type": "Point",
        "coordinates": [
          20.1477989,
          49.982935
        ]
      },
      "id": "node/1849455845"
    },
    {
      "type": "Feature",
      "properties": {
        "@id": "node/1852050086",
        "highway": "traffic_signals",
        "traffic_signals:direction": "backward"
      },
      "geometry": {
        "type": "Point",
        "coordinates": [
          20.0257132,
          50.0014143
        ]
      },
      "id": "node/1852050086"
    },
    {
      "type": "Feature",
      "properties": {
        "@id": "node/1862776768",
        "highway": "traffic_signals"
      },
      "geometry": {
        "type": "Point",
        "coordinates": [
          19.9304366,
          50.0485325
        ]
      },
      "id": "node/1862776768"
    },
    {
      "type": "Feature",
      "properties": {
        "@id": "node/1876808668",
        "highway": "traffic_signals"
      },
      "geometry": {
        "type": "Point",
        "coordinates": [
          19.9275832,
          50.0551406
        ]
      },
      "id": "node/1876808668"
    },
    {
      "type": "Feature",
      "properties": {
        "@id": "node/1879243276",
        "highway": "traffic_signals"
      },
      "geometry": {
        "type": "Point",
        "coordinates": [
          19.9540092,
          50.0295621
        ]
      },
      "id": "node/1879243276"
    },
    {
      "type": "Feature",
      "properties": {
        "@id": "node/1883217580",
        "highway": "traffic_signals"
      },
      "geometry": {
        "type": "Point",
        "coordinates": [
          19.9257579,
          50.0301729
        ]
      },
      "id": "node/1883217580"
    },
    {
      "type": "Feature",
      "properties": {
        "@id": "node/1883217614",
        "highway": "traffic_signals"
      },
      "geometry": {
        "type": "Point",
        "coordinates": [
          19.9252806,
          50.0303166
        ]
      },
      "id": "node/1883217614"
    },
    {
      "type": "Feature",
      "properties": {
        "@id": "node/1885007652",
        "highway": "traffic_signals",
        "traffic_signals:direction": "forward"
      },
      "geometry": {
        "type": "Point",
        "coordinates": [
          19.9779826,
          50.0252579
        ]
      },
      "id": "node/1885007652"
    },
    {
      "type": "Feature",
      "properties": {
        "@id": "node/1885040742",
        "highway": "traffic_signals",
        "traffic_signals:direction": "forward"
      },
      "geometry": {
        "type": "Point",
        "coordinates": [
          20.0130392,
          50.0161262
        ]
      },
      "id": "node/1885040742"
    },
    {
      "type": "Feature",
      "properties": {
        "@id": "node/1886376901",
        "highway": "traffic_signals"
      },
      "geometry": {
        "type": "Point",
        "coordinates": [
          19.9598943,
          50.0576401
        ]
      },
      "id": "node/1886376901"
    },
    {
      "type": "Feature",
      "properties": {
        "@id": "node/1895983467",
        "highway": "traffic_signals"
      },
      "geometry": {
        "type": "Point",
        "coordinates": [
          19.9558679,
          50.0450983
        ]
      },
      "id": "node/1895983467"
    },
    {
      "type": "Feature",
      "properties": {
        "@id": "node/1896073888",
        "highway": "traffic_signals"
      },
      "geometry": {
        "type": "Point",
        "coordinates": [
          19.9550498,
          50.0450738
        ]
      },
      "id": "node/1896073888"
    },
    {
      "type": "Feature",
      "properties": {
        "@id": "node/1912873692",
        "highway": "traffic_signals"
      },
      "geometry": {
        "type": "Point",
        "coordinates": [
          19.9059672,
          50.0268864
        ]
      },
      "id": "node/1912873692"
    },
    {
      "type": "Feature",
      "properties": {
        "@id": "node/1936202852",
        "highway": "traffic_signals"
      },
      "geometry": {
        "type": "Point",
        "coordinates": [
          19.9441791,
          50.0728392
        ]
      },
      "id": "node/1936202852"
    },
    {
      "type": "Feature",
      "properties": {
        "@id": "node/1963427359",
        "highway": "traffic_signals"
      },
      "geometry": {
        "type": "Point",
        "coordinates": [
          19.9207455,
          49.9989722
        ]
      },
      "id": "node/1963427359"
    },
    {
      "type": "Feature",
      "properties": {
        "@id": "node/1963427364",
        "highway": "traffic_signals",
        "traffic_signals:direction": "backward"
      },
      "geometry": {
        "type": "Point",
        "coordinates": [
          19.9210521,
          49.9991568
        ]
      },
      "id": "node/1963427364"
    },
    {
      "type": "Feature",
      "properties": {
        "@id": "node/1963427367",
        "highway": "traffic_signals",
        "traffic_signals:direction": "forward"
      },
      "geometry": {
        "type": "Point",
        "coordinates": [
          19.9204987,
          49.9993007
        ]
      },
      "id": "node/1963427367"
    },
    {
      "type": "Feature",
      "properties": {
        "@id": "node/1963427372",
        "highway": "traffic_signals"
      },
      "geometry": {
        "type": "Point",
        "coordinates": [
          19.9208642,
          49.999447
        ]
      },
      "id": "node/1963427372"
    },
    {
      "type": "Feature",
      "properties": {
        "@id": "node/1966409049",
        "highway": "traffic_signals",
        "traffic_signals": "signal"
      },
      "geometry": {
        "type": "Point",
        "coordinates": [
          19.9592754,
          50.0667486
        ]
      },
      "id": "node/1966409049"
    },
    {
      "type": "Feature",
      "properties": {
        "@id": "node/1967677874",
        "highway": "traffic_signals"
      },
      "geometry": {
        "type": "Point",
        "coordinates": [
          19.9253048,
          50.0070968
        ]
      },
      "id": "node/1967677874"
    },
    {
      "type": "Feature",
      "properties": {
        "@id": "node/1967677876",
        "highway": "traffic_signals"
      },
      "geometry": {
        "type": "Point",
        "coordinates": [
          19.924649,
          50.0071338
        ]
      },
      "id": "node/1967677876"
    },
    {
      "type": "Feature",
      "properties": {
        "@id": "node/1967677883",
        "highway": "traffic_signals"
      },
      "geometry": {
        "type": "Point",
        "coordinates": [
          19.9249267,
          50.0071875
        ]
      },
      "id": "node/1967677883"
    },
    {
      "type": "Feature",
      "properties": {
        "@id": "node/1983261406",
        "highway": "traffic_signals",
        "road_marking": "stop_line",
        "stroke": "dashed"
      },
      "geometry": {
        "type": "Point",
        "coordinates": [
          19.9315108,
          50.0485175
        ]
      },
      "id": "node/1983261406"
    },
    {
      "type": "Feature",
      "properties": {
        "@id": "node/1983261411",
        "highway": "traffic_signals",
        "road_marking": "stop_line",
        "stroke": "dashed"
      },
      "geometry": {
        "type": "Point",
        "coordinates": [
          19.9329076,
          50.0486721
        ]
      },
      "id": "node/1983261411"
    },
    {
      "type": "Feature",
      "properties": {
        "@id": "node/1983261412",
        "highway": "traffic_signals"
      },
      "geometry": {
        "type": "Point",
        "coordinates": [
          19.9326587,
          50.0488458
        ]
      },
      "id": "node/1983261412"
    },
    {
      "type": "Feature",
      "properties": {
        "@id": "node/1983261414",
        "highway": "traffic_signals",
        "road_marking": "stop_line",
        "stroke": "dashed"
      },
      "geometry": {
        "type": "Point",
        "coordinates": [
          19.9315864,
          50.0488451
        ]
      },
      "id": "node/1983261414"
    },
    {
      "type": "Feature",
      "properties": {
        "@id": "node/1983261424",
        "highway": "traffic_signals",
        "road_marking": "stop_line",
        "stroke": "dashed"
      },
      "geometry": {
        "type": "Point",
        "coordinates": [
          19.9326415,
          50.0490168
        ]
      },
      "id": "node/1983261424"
    },
    {
      "type": "Feature",
      "properties": {
        "@id": "node/1983261427",
        "highway": "traffic_signals",
        "road_marking": "stop_line",
        "stroke": "dashed"
      },
      "geometry": {
        "type": "Point",
        "coordinates": [
          19.931667,
          50.0491305
        ]
      },
      "id": "node/1983261427"
    },
    {
      "type": "Feature",
      "properties": {
        "@id": "node/1983261431",
        "highway": "traffic_signals",
        "road_marking": "stop_line",
        "stroke": "dashed"
      },
      "geometry": {
        "type": "Point",
        "coordinates": [
          19.9314836,
          50.0492541
        ]
      },
      "id": "node/1983261431"
    },
    {
      "type": "Feature",
      "properties": {
        "@id": "node/2000517931",
        "highway": "traffic_signals"
      },
      "geometry": {
        "type": "Point",
        "coordinates": [
          19.8248867,
          50.044006
        ]
      },
      "id": "node/2000517931"
    },
    {
      "type": "Feature",
      "properties": {
        "@id": "node/2000517933",
        "highway": "traffic_signals"
      },
      "geometry": {
        "type": "Point",
        "coordinates": [
          19.8250293,
          50.0440301
        ]
      },
      "id": "node/2000517933"
    },
    {
      "type": "Feature",
      "properties": {
        "@id": "node/2000518073",
        "highway": "traffic_signals",
        "traffic_signals:direction": "forward"
      },
      "geometry": {
        "type": "Point",
        "coordinates": [
          19.9037519,
          50.0488517
        ]
      },
      "id": "node/2000518073"
    },
    {
      "type": "Feature",
      "properties": {
        "@id": "node/2000518077",
        "highway": "traffic_signals",
        "traffic_signals:direction": "forward"
      },
      "geometry": {
        "type": "Point",
        "coordinates": [
          19.9033135,
          50.0489494
        ]
      },
      "id": "node/2000518077"
    },
    {
      "type": "Feature",
      "properties": {
        "@id": "node/2000518079",
        "highway": "traffic_signals",
        "traffic_signals:direction": "forward"
      },
      "geometry": {
        "type": "Point",
        "coordinates": [
          19.9039075,
          50.0491537
        ]
      },
      "id": "node/2000518079"
    },
    {
      "type": "Feature",
      "properties": {
        "@id": "node/2000518080",
        "highway": "traffic_signals",
        "traffic_signals:direction": "forward"
      },
      "geometry": {
        "type": "Point",
        "coordinates": [
          19.9046203,
          50.0491941
        ]
      },
      "id": "node/2000518080"
    },
    {
      "type": "Feature",
      "properties": {
        "@id": "node/2000518081",
        "highway": "traffic_signals",
        "traffic_signals:direction": "backward"
      },
      "geometry": {
        "type": "Point",
        "coordinates": [
          19.9034769,
          50.0492501
        ]
      },
      "id": "node/2000518081"
    },
    {
      "type": "Feature",
      "properties": {
        "@id": "node/2018504325",
        "highway": "traffic_signals"
      },
      "geometry": {
        "type": "Point",
        "coordinates": [
          19.8979959,
          50.0204895
        ]
      },
      "id": "node/2018504325"
    },
    {
      "type": "Feature",
      "properties": {
        "@id": "node/2059962444",
        "highway": "traffic_signals",
        "traffic_signals:direction": "forward"
      },
      "geometry": {
        "type": "Point",
        "coordinates": [
          20.0862138,
          49.978298
        ]
      },
      "id": "node/2059962444"
    },
    {
      "type": "Feature",
      "properties": {
        "@id": "node/2062465021",
        "highway": "traffic_signals"
      },
      "geometry": {
        "type": "Point",
        "coordinates": [
          19.9457915,
          50.0446962
        ]
      },
      "id": "node/2062465021"
    },
    {
      "type": "Feature",
      "properties": {
        "@id": "node/2070095601",
        "highway": "traffic_signals"
      },
      "geometry": {
        "type": "Point",
        "coordinates": [
          19.9313979,
          50.0503269
        ]
      },
      "id": "node/2070095601"
    },
    {
      "type": "Feature",
      "properties": {
        "@id": "node/2090498558",
        "highway": "traffic_signals",
        "traffic_signals:direction": "forward"
      },
      "geometry": {
        "type": "Point",
        "coordinates": [
          20.0550216,
          49.9945792
        ]
      },
      "id": "node/2090498558"
    },
    {
      "type": "Feature",
      "properties": {
        "@id": "node/2090518289",
        "crossing": "traffic_signals",
        "highway": "traffic_signals",
        "tactile_paving": "no",
        "traffic_signals:sound": "no",
        "traffic_signals:vibration": "no"
      },
      "geometry": {
        "type": "Point",
        "coordinates": [
          20.08067,
          49.9896919
        ]
      },
      "id": "node/2090518289"
    },
    {
      "type": "Feature",
      "properties": {
        "@id": "node/2090518301",
        "crossing": "traffic_signals",
        "highway": "traffic_signals"
      },
      "geometry": {
        "type": "Point",
        "coordinates": [
          20.0810489,
          49.9899963
        ]
      },
      "id": "node/2090518301"
    },
    {
      "type": "Feature",
      "properties": {
        "@id": "node/2090518307",
        "crossing": "traffic_signals",
        "highway": "traffic_signals"
      },
      "geometry": {
        "type": "Point",
        "coordinates": [
          20.0810397,
          49.9900873
        ]
      },
      "id": "node/2090518307"
    },
    {
      "type": "Feature",
      "properties": {
        "@id": "node/2129394128",
        "highway": "traffic_signals"
      },
      "geometry": {
        "type": "Point",
        "coordinates": [
          19.9019585,
          50.024295
        ]
      },
      "id": "node/2129394128"
    },
    {
      "type": "Feature",
      "properties": {
        "@id": "node/2193258404",
        "highway": "traffic_signals"
      },
      "geometry": {
        "type": "Point",
        "coordinates": [
          19.8830615,
          50.0899216
        ]
      },
      "id": "node/2193258404"
    },
    {
      "type": "Feature",
      "properties": {
        "@id": "node/2193258418",
        "highway": "traffic_signals"
      },
      "geometry": {
        "type": "Point",
        "coordinates": [
          19.8829281,
          50.0901456
        ]
      },
      "id": "node/2193258418"
    },
    {
      "type": "Feature",
      "properties": {
        "@id": "node/2194801676",
        "highway": "traffic_signals"
      },
      "geometry": {
        "type": "Point",
        "coordinates": [
          20.09258,
          50.0692795
        ]
      },
      "id": "node/2194801676"
    },
    {
      "type": "Feature",
      "properties": {
        "@id": "node/2229504750",
        "highway": "traffic_signals"
      },
      "geometry": {
        "type": "Point",
        "coordinates": [
          19.9131607,
          50.0891764
        ]
      },
      "id": "node/2229504750"
    },
    {
      "type": "Feature",
      "properties": {
        "@id": "node/2244507475",
        "highway": "traffic_signals"
      },
      "geometry": {
        "type": "Point",
        "coordinates": [
          19.9607586,
          50.0419587
        ]
      },
      "id": "node/2244507475"
    },
    {
      "type": "Feature",
      "properties": {
        "@id": "node/2244507476",
        "cycleway": "asl",
        "highway": "traffic_signals"
      },
      "geometry": {
        "type": "Point",
        "coordinates": [
          19.9613996,
          50.0419596
        ]
      },
      "id": "node/2244507476"
    },
    {
      "type": "Feature",
      "properties": {
        "@id": "node/2244507477",
        "highway": "traffic_signals"
      },
      "geometry": {
        "type": "Point",
        "coordinates": [
          19.9614572,
          50.0421935
        ]
      },
      "id": "node/2244507477"
    },
    {
      "type": "Feature",
      "properties": {
        "@id": "node/2244507478",
        "highway": "traffic_signals"
      },
      "geometry": {
        "type": "Point",
        "coordinates": [
          19.9614129,
          50.0422779
        ]
      },
      "id": "node/2244507478"
    },
    {
      "type": "Feature",
      "properties": {
        "@id": "node/2244507479",
        "highway": "traffic_signals"
      },
      "geometry": {
        "type": "Point",
        "coordinates": [
          19.960696,
          50.0422911
        ]
      },
      "id": "node/2244507479"
    },
    {
      "type": "Feature",
      "properties": {
        "@id": "node/2245235866",
        "highway": "traffic_signals",
        "traffic_signals:direction": "forward"
      },
      "geometry": {
        "type": "Point",
        "coordinates": [
          19.9831795,
          50.0711302
        ]
      },
      "id": "node/2245235866"
    },
    {
      "type": "Feature",
      "properties": {
        "@id": "node/2260423977",
        "highway": "traffic_signals",
        "traffic_signals:direction": "forward"
      },
      "geometry": {
        "type": "Point",
        "coordinates": [
          19.9895914,
          50.0523634
        ]
      },
      "id": "node/2260423977"
    },
    {
      "type": "Feature",
      "properties": {
        "@id": "node/2260423979",
        "highway": "traffic_signals"
      },
      "geometry": {
        "type": "Point",
        "coordinates": [
          19.9892285,
          50.0524185
        ]
      },
      "id": "node/2260423979"
    },
    {
      "type": "Feature",
      "properties": {
        "@id": "node/2260423982",
        "highway": "traffic_signals"
      },
      "geometry": {
        "type": "Point",
        "coordinates": [
          19.9895362,
          50.0526276
        ]
      },
      "id": "node/2260423982"
    },
    {
      "type": "Feature",
      "properties": {
        "@id": "node/2263334980",
        "highway": "traffic_signals"
      },
      "geometry": {
        "type": "Point",
        "coordinates": [
          19.8722149,
          50.0460853
        ]
      },
      "id": "node/2263334980"
    },
    {
      "type": "Feature",
      "properties": {
        "@id": "node/2264896425",
        "highway": "traffic_signals"
      },
      "geometry": {
        "type": "Point",
        "coordinates": [
          19.9472881,
          50.0761107
        ]
      },
      "id": "node/2264896425"
    },
    {
      "type": "Feature",
      "properties": {
        "@id": "node/2265761083",
        "highway": "traffic_signals"
      },
      "geometry": {
        "type": "Point",
        "coordinates": [
          19.9209707,
          50.0453297
        ]
      },
      "id": "node/2265761083"
    },
    {
      "type": "Feature",
      "properties": {
        "@id": "node/2267842682",
        "highway": "traffic_signals"
      },
      "geometry": {
        "type": "Point",
        "coordinates": [
          19.9499225,
          50.0135876
        ]
      },
      "id": "node/2267842682"
    },
    {
      "type": "Feature",
      "properties": {
        "@id": "node/2267842683",
        "highway": "traffic_signals"
      },
      "geometry": {
        "type": "Point",
        "coordinates": [
          19.9503047,
          50.013905
        ]
      },
      "id": "node/2267842683"
    },
    {
      "type": "Feature",
      "properties": {
        "@id": "node/2267842684",
        "highway": "traffic_signals"
      },
      "geometry": {
        "type": "Point",
        "coordinates": [
          19.9494846,
          50.0139668
        ]
      },
      "id": "node/2267842684"
    },
    {
      "type": "Feature",
      "properties": {
        "@id": "node/2267842689",
        "highway": "traffic_signals"
      },
      "geometry": {
        "type": "Point",
        "coordinates": [
          19.9499497,
          50.0141965
        ]
      },
      "id": "node/2267842689"
    },
    {
      "type": "Feature",
      "properties": {
        "@id": "node/2271611969",
        "highway": "traffic_signals",
        "traffic_signals:direction": "backward"
      },
      "geometry": {
        "type": "Point",
        "coordinates": [
          20.0033695,
          50.0938251
        ]
      },
      "id": "node/2271611969"
    },
    {
      "type": "Feature",
      "properties": {
        "@id": "node/2271612007",
        "highway": "traffic_signals",
        "traffic_signals:direction": "backward"
      },
      "geometry": {
        "type": "Point",
        "coordinates": [
          20.0036679,
          50.0940359
        ]
      },
      "id": "node/2271612007"
    },
    {
      "type": "Feature",
      "properties": {
        "@id": "node/2271612014",
        "highway": "traffic_signals",
        "traffic_signals:direction": "forward"
      },
      "geometry": {
        "type": "Point",
        "coordinates": [
          20.003232,
          50.0940863
        ]
      },
      "id": "node/2271612014"
    },
    {
      "type": "Feature",
      "properties": {
        "@id": "node/2271612033",
        "highway": "traffic_signals",
        "traffic_signals:direction": "backward"
      },
      "geometry": {
        "type": "Point",
        "coordinates": [
          20.0034807,
          50.0942348
        ]
      },
      "id": "node/2271612033"
    },
    {
      "type": "Feature",
      "properties": {
        "@id": "node/2272185960",
        "highway": "traffic_signals"
      },
      "geometry": {
        "type": "Point",
        "coordinates": [
          20.0201669,
          50.0844029
        ]
      },
      "id": "node/2272185960"
    },
    {
      "type": "Feature",
      "properties": {
        "@id": "node/2272185961",
        "highway": "traffic_signals"
      },
      "geometry": {
        "type": "Point",
        "coordinates": [
          20.0206702,
          50.0847079
        ]
      },
      "id": "node/2272185961"
    },
    {
      "type": "Feature",
      "properties": {
        "@id": "node/2276829756",
        "highway": "traffic_signals"
      },
      "geometry": {
        "type": "Point",
        "coordinates": [
          19.8684385,
          50.0979525
        ]
      },
      "id": "node/2276829756"
    },
    {
      "type": "Feature",
      "properties": {
        "@id": "node/2334788079",
        "highway": "traffic_signals",
        "traffic_signals:direction": "forward"
      },
      "geometry": {
        "type": "Point",
        "coordinates": [
          20.0280187,
          50.0930762
        ]
      },
      "id": "node/2334788079"
    },
    {
      "type": "Feature",
      "properties": {
        "@id": "node/2334788085",
        "highway": "traffic_signals",
        "traffic_signals:direction": "forward"
      },
      "geometry": {
        "type": "Point",
        "coordinates": [
          20.0282809,
          50.0932088
        ]
      },
      "id": "node/2334788085"
    },
    {
      "type": "Feature",
      "properties": {
        "@id": "node/2334788090",
        "highway": "traffic_signals",
        "traffic_signals:direction": "backward"
      },
      "geometry": {
        "type": "Point",
        "coordinates": [
          20.0276558,
          50.0932504
        ]
      },
      "id": "node/2334788090"
    },
    {
      "type": "Feature",
      "properties": {
        "@id": "node/2334788094",
        "highway": "traffic_signals",
        "traffic_signals:direction": "backward"
      },
      "geometry": {
        "type": "Point",
        "coordinates": [
          20.0280138,
          50.0934116
        ]
      },
      "id": "node/2334788094"
    },
    {
      "type": "Feature",
      "properties": {
        "@id": "node/2334799596",
        "highway": "traffic_signals",
        "traffic_signals:direction": "forward"
      },
      "geometry": {
        "type": "Point",
        "coordinates": [
          20.0470594,
          50.0744626
        ]
      },
      "id": "node/2334799596"
    },
    {
      "type": "Feature",
      "properties": {
        "@id": "node/2334799597",
        "highway": "traffic_signals"
      },
      "geometry": {
        "type": "Point",
        "coordinates": [
          20.0466146,
          50.07455
        ]
      },
      "id": "node/2334799597"
    },
    {
      "type": "Feature",
      "properties": {
        "@id": "node/2334799598",
        "highway": "traffic_signals"
      },
      "geometry": {
        "type": "Point",
        "coordinates": [
          20.0471828,
          50.0748917
        ]
      },
      "id": "node/2334799598"
    },
    {
      "type": "Feature",
      "properties": {
        "@id": "node/2334799599",
        "highway": "traffic_signals",
        "traffic_signals:direction": "forward"
      },
      "geometry": {
        "type": "Point",
        "coordinates": [
          20.0467277,
          50.0749887
        ]
      },
      "id": "node/2334799599"
    },
    {
      "type": "Feature",
      "properties": {
        "@id": "node/2374339775",
        "highway": "traffic_signals"
      },
      "geometry": {
        "type": "Point",
        "coordinates": [
          19.9371494,
          50.0301293
        ]
      },
      "id": "node/2374339775"
    },
    {
      "type": "Feature",
      "properties": {
        "@id": "node/2374339779",
        "highway": "traffic_signals"
      },
      "geometry": {
        "type": "Point",
        "coordinates": [
          19.9370733,
          50.0302504
        ]
      },
      "id": "node/2374339779"
    },
    {
      "type": "Feature",
      "properties": {
        "@id": "node/2376597298",
        "highway": "traffic_signals"
      },
      "geometry": {
        "type": "Point",
        "coordinates": [
          19.9831719,
          50.0400359
        ]
      },
      "id": "node/2376597298"
    },
    {
      "type": "Feature",
      "properties": {
        "@id": "node/2376597299",
        "highway": "traffic_signals"
      },
      "geometry": {
        "type": "Point",
        "coordinates": [
          19.9825566,
          50.0405781
        ]
      },
      "id": "node/2376597299"
    },
    {
      "type": "Feature",
      "properties": {
        "@id": "node/2376597300",
        "highway": "traffic_signals"
      },
      "geometry": {
        "type": "Point",
        "coordinates": [
          19.983839,
          50.0408582
        ]
      },
      "id": "node/2376597300"
    },
    {
      "type": "Feature",
      "properties": {
        "@id": "node/2376597301",
        "highway": "traffic_signals"
      },
      "geometry": {
        "type": "Point",
        "coordinates": [
          19.9831104,
          50.0409698
        ]
      },
      "id": "node/2376597301"
    },
    {
      "type": "Feature",
      "properties": {
        "@id": "node/2377093992",
        "highway": "traffic_signals",
        "traffic_signals:direction": "forward"
      },
      "geometry": {
        "type": "Point",
        "coordinates": [
          20.0588435,
          50.0374251
        ]
      },
      "id": "node/2377093992"
    },
    {
      "type": "Feature",
      "properties": {
        "@id": "node/2377094000",
        "highway": "traffic_signals",
        "traffic_signals:direction": "forward"
      },
      "geometry": {
        "type": "Point",
        "coordinates": [
          20.0586289,
          50.0375996
        ]
      },
      "id": "node/2377094000"
    },
    {
      "type": "Feature",
      "properties": {
        "@id": "node/2377094001",
        "highway": "traffic_signals",
        "traffic_signals:direction": "forward"
      },
      "geometry": {
        "type": "Point",
        "coordinates": [
          20.0594743,
          50.037644
        ]
      },
      "id": "node/2377094001"
    },
    {
      "type": "Feature",
      "properties": {
        "@id": "node/2377094007",
        "highway": "traffic_signals",
        "traffic_signals:direction": "backward"
      },
      "geometry": {
        "type": "Point",
        "coordinates": [
          20.0592058,
          50.0378333
        ]
      },
      "id": "node/2377094007"
    },
    {
      "type": "Feature",
      "properties": {
        "@id": "node/2377094012",
        "highway": "traffic_signals",
        "traffic_signals:direction": "forward"
      },
      "geometry": {
        "type": "Point",
        "coordinates": [
          20.0521357,
          50.0381179
        ]
      },
      "id": "node/2377094012"
    },
    {
      "type": "Feature",
      "properties": {
        "@id": "node/2377094024",
        "highway": "traffic_signals",
        "traffic_signals:direction": "forward"
      },
      "geometry": {
        "type": "Point",
        "coordinates": [
          20.0528824,
          50.0382808
        ]
      },
      "id": "node/2377094024"
    },
    {
      "type": "Feature",
      "properties": {
        "@id": "node/2377094026",
        "highway": "traffic_signals",
        "traffic_signals:direction": "forward"
      },
      "geometry": {
        "type": "Point",
        "coordinates": [
          20.0421256,
          50.0383393
        ]
      },
      "id": "node/2377094026"
    },
    {
      "type": "Feature",
      "properties": {
        "@id": "node/2377094029",
        "highway": "traffic_signals",
        "traffic_signals:backward": "yes",
        "traffic_signals:direction": "backward"
      },
      "geometry": {
        "type": "Point",
        "coordinates": [
          20.0525076,
          50.0384694
        ]
      },
      "id": "node/2377094029"
    },
    {
      "type": "Feature",
      "properties": {
        "@id": "node/2377094033",
        "highway": "traffic_signals",
        "traffic_signals:direction": "forward"
      },
      "geometry": {
        "type": "Point",
        "coordinates": [
          20.0430668,
          50.0385787
        ]
      },
      "id": "node/2377094033"
    },
    {
      "type": "Feature",
      "properties": {
        "@id": "node/2377094040",
        "highway": "traffic_signals",
        "traffic_signals:direction": "forward"
      },
      "geometry": {
        "type": "Point",
        "coordinates": [
          20.0425758,
          50.0388202
        ]
      },
      "id": "node/2377094040"
    },
    {
      "type": "Feature",
      "properties": {
        "@id": "node/2377465777",
        "highway": "traffic_signals",
        "traffic_signals:direction": "forward"
      },
      "geometry": {
        "type": "Point",
        "coordinates": [
          20.0426368,
          50.0381016
        ]
      },
      "id": "node/2377465777"
    },
    {
      "type": "Feature",
      "properties": {
        "@id": "node/2377500415",
        "highway": "traffic_signals",
        "traffic_signals:direction": "forward"
      },
      "geometry": {
        "type": "Point",
        "coordinates": [
          20.0265263,
          50.0378441
        ]
      },
      "id": "node/2377500415"
    },
    {
      "type": "Feature",
      "properties": {
        "@id": "node/2377500417",
        "highway": "traffic_signals",
        "traffic_signals:direction": "forward"
      },
      "geometry": {
        "type": "Point",
        "coordinates": [
          20.0273075,
          50.0382086
        ]
      },
      "id": "node/2377500417"
    },
    {
      "type": "Feature",
      "properties": {
        "@id": "node/2377500422",
        "highway": "traffic_signals",
        "traffic_signals:direction": "forward"
      },
      "geometry": {
        "type": "Point",
        "coordinates": [
          20.0266997,
          50.0383386
        ]
      },
      "id": "node/2377500422"
    },
    {
      "type": "Feature",
      "properties": {
        "@id": "node/2377507542",
        "highway": "traffic_signals"
      },
      "geometry": {
        "type": "Point",
        "coordinates": [
          20.01853,
          50.0374286
        ]
      },
      "id": "node/2377507542"
    },
    {
      "type": "Feature",
      "properties": {
        "@id": "node/2377507545",
        "highway": "traffic_signals"
      },
      "geometry": {
        "type": "Point",
        "coordinates": [
          20.0180476,
          50.0376471
        ]
      },
      "id": "node/2377507545"
    },
    {
      "type": "Feature",
      "properties": {
        "@id": "node/2377507546",
        "highway": "traffic_signals"
      },
      "geometry": {
        "type": "Point",
        "coordinates": [
          20.0190726,
          50.0378601
        ]
      },
      "id": "node/2377507546"
    },
    {
      "type": "Feature",
      "properties": {
        "@id": "node/2377507551",
        "highway": "traffic_signals"
      },
      "geometry": {
        "type": "Point",
        "coordinates": [
          20.0185787,
          50.038056
        ]
      },
      "id": "node/2377507551"
    },
    {
      "type": "Feature",
      "properties": {
        "@id": "node/2378475150",
        "highway": "traffic_signals"
      },
      "geometry": {
        "type": "Point",
        "coordinates": [
          19.9918284,
          50.0401493
        ]
      },
      "id": "node/2378475150"
    },
    {
      "type": "Feature",
      "properties": {
        "@id": "node/2378475176",
        "highway": "traffic_signals"
      },
      "geometry": {
        "type": "Point",
        "coordinates": [
          19.9911928,
          50.040417
        ]
      },
      "id": "node/2378475176"
    },
    {
      "type": "Feature",
      "properties": {
        "@id": "node/2378475199",
        "highway": "traffic_signals"
      },
      "geometry": {
        "type": "Point",
        "coordinates": [
          19.9923293,
          50.0405959
        ]
      },
      "id": "node/2378475199"
    },
    {
      "type": "Feature",
      "properties": {
        "@id": "node/2378475208",
        "highway": "traffic_signals"
      },
      "geometry": {
        "type": "Point",
        "coordinates": [
          19.9778093,
          50.0407259
        ]
      },
      "id": "node/2378475208"
    },
    {
      "type": "Feature",
      "properties": {
        "@id": "node/2378475218",
        "highway": "traffic_signals"
      },
      "geometry": {
        "type": "Point",
        "coordinates": [
          19.9916436,
          50.0408954
        ]
      },
      "id": "node/2378475218"
    },
    {
      "type": "Feature",
      "properties": {
        "@id": "node/2388638455",
        "highway": "traffic_signals",
        "traffic_signals:direction": "forward"
      },
      "geometry": {
        "type": "Point",
        "coordinates": [
          20.0291304,
          50.0720327
        ]
      },
      "id": "node/2388638455"
    },
    {
      "type": "Feature",
      "properties": {
        "@id": "node/2388638456",
        "highway": "traffic_signals"
      },
      "geometry": {
        "type": "Point",
        "coordinates": [
          20.0288026,
          50.0722119
        ]
      },
      "id": "node/2388638456"
    },
    {
      "type": "Feature",
      "properties": {
        "@id": "node/2388638457",
        "highway": "traffic_signals"
      },
      "geometry": {
        "type": "Point",
        "coordinates": [
          20.0295574,
          50.0723363
        ]
      },
      "id": "node/2388638457"
    },
    {
      "type": "Feature",
      "properties": {
        "@id": "node/2388638460",
        "highway": "traffic_signals",
        "traffic_signals:direction": "forward"
      },
      "geometry": {
        "type": "Point",
        "coordinates": [
          20.0292451,
          50.0725672
        ]
      },
      "id": "node/2388638460"
    },
    {
      "type": "Feature",
      "properties": {
        "@id": "node/2388638487",
        "highway": "traffic_signals"
      },
      "geometry": {
        "type": "Point",
        "coordinates": [
          19.9984717,
          50.0738617
        ]
      },
      "id": "node/2388638487"
    },
    {
      "type": "Feature",
      "properties": {
        "@id": "node/2388638506",
        "highway": "traffic_signals"
      },
      "geometry": {
        "type": "Point",
        "coordinates": [
          19.9986486,
          50.0740764
        ]
      },
      "id": "node/2388638506"
    },
    {
      "type": "Feature",
      "properties": {
        "@id": "node/2410202468",
        "highway": "traffic_signals"
      },
      "geometry": {
        "type": "Point",
        "coordinates": [
          19.9888883,
          50.067147
        ]
      },
      "id": "node/2410202468"
    },
    {
      "type": "Feature",
      "properties": {
        "@id": "node/2410202469",
        "highway": "traffic_signals"
      },
      "geometry": {
        "type": "Point",
        "coordinates": [
          19.9883639,
          50.0673399
        ]
      },
      "id": "node/2410202469"
    },
    {
      "type": "Feature",
      "properties": {
        "@id": "node/2410202477",
        "highway": "traffic_signals"
      },
      "geometry": {
        "type": "Point",
        "coordinates": [
          19.9891845,
          50.0674519
        ]
      },
      "id": "node/2410202477"
    },
    {
      "type": "Feature",
      "properties": {
        "@id": "node/2410202497",
        "highway": "traffic_signals"
      },
      "geometry": {
        "type": "Point",
        "coordinates": [
          19.9886189,
          50.0676623
        ]
      },
      "id": "node/2410202497"
    },
    {
      "type": "Feature",
      "properties": {
        "@id": "node/2410202529",
        "highway": "traffic_signals"
      },
      "geometry": {
        "type": "Point",
        "coordinates": [
          19.9882582,
          50.068657
        ]
      },
      "id": "node/2410202529"
    },
    {
      "type": "Feature",
      "properties": {
        "@id": "node/2410202539",
        "highway": "traffic_signals"
      },
      "geometry": {
        "type": "Point",
        "coordinates": [
          19.9876385,
          50.0689511
        ]
      },
      "id": "node/2410202539"
    },
    {
      "type": "Feature",
      "properties": {
        "@id": "node/2418596893",
        "highway": "traffic_signals"
      },
      "geometry": {
        "type": "Point",
        "coordinates": [
          19.9414896,
          50.0518752
        ]
      },
      "id": "node/2418596893"
    },
    {
      "type": "Feature",
      "properties": {
        "@id": "node/2419720318",
        "highway": "traffic_signals"
      },
      "geometry": {
        "type": "Point",
        "coordinates": [
          19.927429,
          50.0552173
        ]
      },
      "id": "node/2419720318"
    },
    {
      "type": "Feature",
      "properties": {
        "@id": "node/2419732955",
        "highway": "traffic_signals"
      },
      "geometry": {
        "type": "Point",
        "coordinates": [
          19.9137067,
          50.052504
        ]
      },
      "id": "node/2419732955"
    },
    {
      "type": "Feature",
      "properties": {
        "@id": "node/2420286406",
        "highway": "traffic_signals"
      },
      "geometry": {
        "type": "Point",
        "coordinates": [
          19.9399613,
          50.0751632
        ]
      },
      "id": "node/2420286406"
    },
    {
      "type": "Feature",
      "properties": {
        "@id": "node/2439177557",
        "highway": "traffic_signals"
      },
      "geometry": {
        "type": "Point",
        "coordinates": [
          19.9251914,
          50.0304204
        ]
      },
      "id": "node/2439177557"
    },
    {
      "type": "Feature",
      "properties": {
        "@id": "node/2439648338",
        "highway": "traffic_signals"
      },
      "geometry": {
        "type": "Point",
        "coordinates": [
          19.9261025,
          50.030585
        ]
      },
      "id": "node/2439648338"
    },
    {
      "type": "Feature",
      "properties": {
        "@id": "node/2452099518",
        "highway": "traffic_signals"
      },
      "geometry": {
        "type": "Point",
        "coordinates": [
          20.027874,
          49.9995824
        ]
      },
      "id": "node/2452099518"
    },
    {
      "type": "Feature",
      "properties": {
        "@id": "node/2452099520",
        "highway": "traffic_signals"
      },
      "geometry": {
        "type": "Point",
        "coordinates": [
          20.0279504,
          49.9996179
        ]
      },
      "id": "node/2452099520"
    },
    {
      "type": "Feature",
      "properties": {
        "@id": "node/2480489000",
        "highway": "traffic_signals"
      },
      "geometry": {
        "type": "Point",
        "coordinates": [
          19.9039425,
          50.0701141
        ]
      },
      "id": "node/2480489000"
    },
    {
      "type": "Feature",
      "properties": {
        "@id": "node/2481329219",
        "highway": "traffic_signals",
        "traffic_signals:direction": "forward"
      },
      "geometry": {
        "type": "Point",
        "coordinates": [
          19.9220284,
          50.033195
        ]
      },
      "id": "node/2481329219"
    },
    {
      "type": "Feature",
      "properties": {
        "@id": "node/2481329273",
        "highway": "traffic_signals",
        "traffic_signals": "signal",
        "traffic_signals:direction": "backward"
      },
      "geometry": {
        "type": "Point",
        "coordinates": [
          19.9224715,
          50.0335046
        ]
      },
      "id": "node/2481329273"
    },
    {
      "type": "Feature",
      "properties": {
        "@id": "node/2481954058",
        "highway": "traffic_signals"
      },
      "geometry": {
        "type": "Point",
        "coordinates": [
          19.8953091,
          50.0713964
        ]
      },
      "id": "node/2481954058"
    },
    {
      "type": "Feature",
      "properties": {
        "@id": "node/2486969494",
        "highway": "traffic_signals"
      },
      "geometry": {
        "type": "Point",
        "coordinates": [
          19.9491291,
          50.0785656
        ]
      },
      "id": "node/2486969494"
    },
    {
      "type": "Feature",
      "properties": {
        "@id": "node/2492535497",
        "highway": "traffic_signals"
      },
      "geometry": {
        "type": "Point",
        "coordinates": [
          20.03817,
          50.0714681
        ]
      },
      "id": "node/2492535497"
    },
    {
      "type": "Feature",
      "properties": {
        "@id": "node/2492535499",
        "highway": "traffic_signals"
      },
      "geometry": {
        "type": "Point",
        "coordinates": [
          20.0360031,
          50.0715839
        ]
      },
      "id": "node/2492535499"
    },
    {
      "type": "Feature",
      "properties": {
        "@id": "node/2492535501",
        "highway": "traffic_signals"
      },
      "geometry": {
        "type": "Point",
        "coordinates": [
          20.036846,
          50.0716845
        ]
      },
      "id": "node/2492535501"
    },
    {
      "type": "Feature",
      "properties": {
        "@id": "node/2497610439",
        "bicycle": "yes",
        "button_operated": "no",
        "crossing": "traffic_signals",
        "crossing:island": "no",
        "crossing:markings": "zebra",
        "highway": "traffic_signals",
        "kerb": "lowered",
        "supervised": "no",
        "tactile_paving": "no",
        "traffic_signals:sound": "yes",
        "traffic_signals:vibration": "no"
      },
      "geometry": {
        "type": "Point",
        "coordinates": [
          19.9436111,
          50.0902415
        ]
      },
      "id": "node/2497610439"
    },
    {
      "type": "Feature",
      "properties": {
        "@id": "node/2501124939",
        "highway": "traffic_signals"
      },
      "geometry": {
        "type": "Point",
        "coordinates": [
          19.8731604,
          50.1127373
        ]
      },
      "id": "node/2501124939"
    },
    {
      "type": "Feature",
      "properties": {
        "@id": "node/2501311336",
        "highway": "traffic_signals"
      },
      "geometry": {
        "type": "Point",
        "coordinates": [
          19.8835719,
          50.0900148
        ]
      },
      "id": "node/2501311336"
    },
    {
      "type": "Feature",
      "properties": {
        "@id": "node/2525346517",
        "highway": "traffic_signals"
      },
      "geometry": {
        "type": "Point",
        "coordinates": [
          19.9060027,
          50.0697567
        ]
      },
      "id": "node/2525346517"
    },
    {
      "type": "Feature",
      "properties": {
        "@id": "node/2566089224",
        "highway": "traffic_signals"
      },
      "geometry": {
        "type": "Point",
        "coordinates": [
          19.9253036,
          50.0345719
        ]
      },
      "id": "node/2566089224"
    },
    {
      "type": "Feature",
      "properties": {
        "@id": "node/2696983748",
        "highway": "traffic_signals"
      },
      "geometry": {
        "type": "Point",
        "coordinates": [
          19.9589055,
          50.0284217
        ]
      },
      "id": "node/2696983748"
    },
    {
      "type": "Feature",
      "properties": {
        "@id": "node/2765916825",
        "highway": "traffic_signals"
      },
      "geometry": {
        "type": "Point",
        "coordinates": [
          19.9471364,
          50.0757289
        ]
      },
      "id": "node/2765916825"
    },
    {
      "type": "Feature",
      "properties": {
        "@id": "node/2921820916",
        "highway": "traffic_signals"
      },
      "geometry": {
        "type": "Point",
        "coordinates": [
          19.9616223,
          50.0126861
        ]
      },
      "id": "node/2921820916"
    },
    {
      "type": "Feature",
      "properties": {
        "@id": "node/2921820923",
        "highway": "traffic_signals"
      },
      "geometry": {
        "type": "Point",
        "coordinates": [
          19.9611042,
          50.0128863
        ]
      },
      "id": "node/2921820923"
    },
    {
      "type": "Feature",
      "properties": {
        "@id": "node/2921820932",
        "highway": "traffic_signals"
      },
      "geometry": {
        "type": "Point",
        "coordinates": [
          19.9617904,
          50.0131326
        ]
      },
      "id": "node/2921820932"
    },
    {
      "type": "Feature",
      "properties": {
        "@id": "node/2921820935",
        "highway": "traffic_signals"
      },
      "geometry": {
        "type": "Point",
        "coordinates": [
          19.9613024,
          50.0131916
        ]
      },
      "id": "node/2921820935"
    },
    {
      "type": "Feature",
      "properties": {
        "@id": "node/2953371169",
        "highway": "traffic_signals"
      },
      "geometry": {
        "type": "Point",
        "coordinates": [
          19.9120498,
          50.0306785
        ]
      },
      "id": "node/2953371169"
    },
    {
      "type": "Feature",
      "properties": {
        "@id": "node/2953371571",
        "highway": "traffic_signals"
      },
      "geometry": {
        "type": "Point",
        "coordinates": [
          19.912577,
          50.0300435
        ]
      },
      "id": "node/2953371571"
    },
    {
      "type": "Feature",
      "properties": {
        "@id": "node/2959331778",
        "highway": "traffic_signals"
      },
      "geometry": {
        "type": "Point",
        "coordinates": [
          20.0000644,
          50.0843252
        ]
      },
      "id": "node/2959331778"
    },
    {
      "type": "Feature",
      "properties": {
        "@id": "node/2959331782",
        "highway": "traffic_signals"
      },
      "geometry": {
        "type": "Point",
        "coordinates": [
          20.0005195,
          50.0844579
        ]
      },
      "id": "node/2959331782"
    },
    {
      "type": "Feature",
      "properties": {
        "@id": "node/2959331787",
        "highway": "traffic_signals"
      },
      "geometry": {
        "type": "Point",
        "coordinates": [
          19.9996876,
          50.0846551
        ]
      },
      "id": "node/2959331787"
    },
    {
      "type": "Feature",
      "properties": {
        "@id": "node/2959331793",
        "highway": "traffic_signals"
      },
      "geometry": {
        "type": "Point",
        "coordinates": [
          20.0001413,
          50.0847725
        ]
      },
      "id": "node/2959331793"
    },
    {
      "type": "Feature",
      "properties": {
        "@id": "node/2960359361",
        "highway": "traffic_signals"
      },
      "geometry": {
        "type": "Point",
        "coordinates": [
          20.0029158,
          50.0739461
        ]
      },
      "id": "node/2960359361"
    },
    {
      "type": "Feature",
      "properties": {
        "@id": "node/2960359362",
        "highway": "traffic_signals"
      },
      "geometry": {
        "type": "Point",
        "coordinates": [
          20.0043433,
          50.073973
        ]
      },
      "id": "node/2960359362"
    },
    {
      "type": "Feature",
      "properties": {
        "@id": "node/2960359363",
        "highway": "traffic_signals"
      },
      "geometry": {
        "type": "Point",
        "coordinates": [
          20.0027879,
          50.0740387
        ]
      },
      "id": "node/2960359363"
    },
    {
      "type": "Feature",
      "properties": {
        "@id": "node/2960359365",
        "highway": "traffic_signals"
      },
      "geometry": {
        "type": "Point",
        "coordinates": [
          20.0030057,
          50.0743688
        ]
      },
      "id": "node/2960359365"
    },
    {
      "type": "Feature",
      "properties": {
        "@id": "node/2960359366",
        "highway": "traffic_signals"
      },
      "geometry": {
        "type": "Point",
        "coordinates": [
          20.0043248,
          50.0744273
        ]
      },
      "id": "node/2960359366"
    },
    {
      "type": "Feature",
      "properties": {
        "@id": "node/2960359368",
        "highway": "traffic_signals"
      },
      "geometry": {
        "type": "Point",
        "coordinates": [
          20.0027874,
          50.0744624
        ]
      },
      "id": "node/2960359368"
    },
    {
      "type": "Feature",
      "properties": {
        "@id": "node/2960359369",
        "highway": "traffic_signals"
      },
      "geometry": {
        "type": "Point",
        "coordinates": [
          20.0042845,
          50.0745011
        ]
      },
      "id": "node/2960359369"
    },
    {
      "type": "Feature",
      "properties": {
        "@id": "node/2960368707",
        "highway": "traffic_signals"
      },
      "geometry": {
        "type": "Point",
        "coordinates": [
          20.0041141,
          50.0740948
        ]
      },
      "id": "node/2960368707"
    },
    {
      "type": "Feature",
      "properties": {
        "@id": "node/2997313492",
        "highway": "traffic_signals"
      },
      "geometry": {
        "type": "Point",
        "coordinates": [
          19.93095,
          50.0181949
        ]
      },
      "id": "node/2997313492"
    },
    {
      "type": "Feature",
      "properties": {
        "@id": "node/2997313495",
        "highway": "traffic_signals"
      },
      "geometry": {
        "type": "Point",
        "coordinates": [
          19.9313225,
          50.0183869
        ]
      },
      "id": "node/2997313495"
    },
    {
      "type": "Feature",
      "properties": {
        "@id": "node/2997313497",
        "highway": "traffic_signals"
      },
      "geometry": {
        "type": "Point",
        "coordinates": [
          19.9306337,
          50.0184538
        ]
      },
      "id": "node/2997313497"
    },
    {
      "type": "Feature",
      "properties": {
        "@id": "node/2997313498",
        "highway": "traffic_signals"
      },
      "geometry": {
        "type": "Point",
        "coordinates": [
          19.9310104,
          50.0186577
        ]
      },
      "id": "node/2997313498"
    },
    {
      "type": "Feature",
      "properties": {
        "@id": "node/3006589887",
        "button_operated": "yes",
        "crossing": "traffic_signals",
        "highway": "traffic_signals",
        "tactile_paving": "yes",
        "traffic_signals": "signal",
        "traffic_signals:sound": "yes"
      },
      "geometry": {
        "type": "Point",
        "coordinates": [
          19.8892411,
          50.0066705
        ]
      },
      "id": "node/3006589887"
    },
    {
      "type": "Feature",
      "properties": {
        "@id": "node/3011281934",
        "highway": "traffic_signals",
        "traffic_signals": "signal"
      },
      "geometry": {
        "type": "Point",
        "coordinates": [
          19.9225715,
          50.0332821
        ]
      },
      "id": "node/3011281934"
    },
    {
      "type": "Feature",
      "properties": {
        "@id": "node/3016771482",
        "highway": "traffic_signals"
      },
      "geometry": {
        "type": "Point",
        "coordinates": [
          19.9194408,
          50.0302542
        ]
      },
      "id": "node/3016771482"
    },
    {
      "type": "Feature",
      "properties": {
        "@id": "node/3031763270",
        "highway": "traffic_signals"
      },
      "geometry": {
        "type": "Point",
        "coordinates": [
          19.9884855,
          50.0889943
        ]
      },
      "id": "node/3031763270"
    },
    {
      "type": "Feature",
      "properties": {
        "@id": "node/3045623711",
        "highway": "traffic_signals",
        "traffic_signals:direction": "forward"
      },
      "geometry": {
        "type": "Point",
        "coordinates": [
          19.9992673,
          50.094596
        ]
      },
      "id": "node/3045623711"
    },
    {
      "type": "Feature",
      "properties": {
        "@id": "node/3071777308",
        "highway": "traffic_signals"
      },
      "geometry": {
        "type": "Point",
        "coordinates": [
          19.9444126,
          50.0057614
        ]
      },
      "id": "node/3071777308"
    },
    {
      "type": "Feature",
      "properties": {
        "@id": "node/3097478646",
        "highway": "traffic_signals",
        "traffic_signals:direction": "backward"
      },
      "geometry": {
        "type": "Point",
        "coordinates": [
          19.9248874,
          50.0462239
        ]
      },
      "id": "node/3097478646"
    },
    {
      "type": "Feature",
      "properties": {
        "@id": "node/3097478647",
        "highway": "traffic_signals"
      },
      "geometry": {
        "type": "Point",
        "coordinates": [
          19.9244072,
          50.0462805
        ]
      },
      "id": "node/3097478647"
    },
    {
      "type": "Feature",
      "properties": {
        "@id": "node/3097478648",
        "highway": "traffic_signals"
      },
      "geometry": {
        "type": "Point",
        "coordinates": [
          19.9248276,
          50.0466907
        ]
      },
      "id": "node/3097478648"
    },
    {
      "type": "Feature",
      "properties": {
        "@id": "node/3097478649",
        "highway": "traffic_signals",
        "traffic_signals:direction": "forward"
      },
      "geometry": {
        "type": "Point",
        "coordinates": [
          19.9244082,
          50.0467397
        ]
      },
      "id": "node/3097478649"
    },
    {
      "type": "Feature",
      "properties": {
        "@id": "node/3100282646",
        "highway": "traffic_signals"
      },
      "geometry": {
        "type": "Point",
        "coordinates": [
          19.9460953,
          50.0577123
        ]
      },
      "id": "node/3100282646"
    },
    {
      "type": "Feature",
      "properties": {
        "@id": "node/3110625252",
        "bicycle": "yes",
        "highway": "traffic_signals"
      },
      "geometry": {
        "type": "Point",
        "coordinates": [
          19.9293841,
          50.0159529
        ]
      },
      "id": "node/3110625252"
    },
    {
      "type": "Feature",
      "properties": {
        "@id": "node/3117020630",
        "highway": "traffic_signals",
        "traffic_signals:direction": "forward"
      },
      "geometry": {
        "type": "Point",
        "coordinates": [
          19.9834364,
          50.071689
        ]
      },
      "id": "node/3117020630"
    },
    {
      "type": "Feature",
      "properties": {
        "@id": "node/3118489646",
        "highway": "traffic_signals"
      },
      "geometry": {
        "type": "Point",
        "coordinates": [
          20.0008112,
          50.0564653
        ]
      },
      "id": "node/3118489646"
    },
    {
      "type": "Feature",
      "properties": {
        "@id": "node/3118489649",
        "highway": "traffic_signals"
      },
      "geometry": {
        "type": "Point",
        "coordinates": [
          20.0006361,
          50.0567622
        ]
      },
      "id": "node/3118489649"
    },
    {
      "type": "Feature",
      "properties": {
        "@id": "node/3118489652",
        "highway": "traffic_signals"
      },
      "geometry": {
        "type": "Point",
        "coordinates": [
          20.0013149,
          50.0569632
        ]
      },
      "id": "node/3118489652"
    },
    {
      "type": "Feature",
      "properties": {
        "@id": "node/3119302225",
        "highway": "traffic_signals"
      },
      "geometry": {
        "type": "Point",
        "coordinates": [
          19.9467464,
          50.0439421
        ]
      },
      "id": "node/3119302225"
    },
    {
      "type": "Feature",
      "properties": {
        "@id": "node/3153156114",
        "bicycle": "no",
        "crossing": "traffic_signals",
        "highway": "traffic_signals",
        "tactile_paving": "no"
      },
      "geometry": {
        "type": "Point",
        "coordinates": [
          19.880911,
          50.0910478
        ]
      },
      "id": "node/3153156114"
    },
    {
      "type": "Feature",
      "properties": {
        "@id": "node/3204598262",
        "highway": "traffic_signals",
        "source": "survey"
      },
      "geometry": {
        "type": "Point",
        "coordinates": [
          19.9646878,
          50.0387211
        ]
      },
      "id": "node/3204598262"
    },
    {
      "type": "Feature",
      "properties": {
        "@id": "node/3204598263",
        "highway": "traffic_signals",
        "source": "survey"
      },
      "geometry": {
        "type": "Point",
        "coordinates": [
          19.9644772,
          50.0388155
        ]
      },
      "id": "node/3204598263"
    },
    {
      "type": "Feature",
      "properties": {
        "@id": "node/3205357228",
        "highway": "traffic_signals",
        "traffic_signals": "signal"
      },
      "geometry": {
        "type": "Point",
        "coordinates": [
          19.9350386,
          50.0297007
        ]
      },
      "id": "node/3205357228"
    },
    {
      "type": "Feature",
      "properties": {
        "@id": "node/3379575854",
        "highway": "traffic_signals"
      },
      "geometry": {
        "type": "Point",
        "coordinates": [
          20.0323034,
          50.0819059
        ]
      },
      "id": "node/3379575854"
    },
    {
      "type": "Feature",
      "properties": {
        "@id": "node/3379575855",
        "highway": "traffic_signals"
      },
      "geometry": {
        "type": "Point",
        "coordinates": [
          20.0326471,
          50.0823536
        ]
      },
      "id": "node/3379575855"
    },
    {
      "type": "Feature",
      "properties": {
        "@id": "node/3385228477",
        "highway": "traffic_signals"
      },
      "geometry": {
        "type": "Point",
        "coordinates": [
          19.9807962,
          50.0233903
        ]
      },
      "id": "node/3385228477"
    },
    {
      "type": "Feature",
      "properties": {
        "@id": "node/3413084728",
        "highway": "traffic_signals"
      },
      "geometry": {
        "type": "Point",
        "coordinates": [
          19.9466002,
          49.9935232
        ]
      },
      "id": "node/3413084728"
    },
    {
      "type": "Feature",
      "properties": {
        "@id": "node/3441368177",
        "button_operated": "yes",
        "crossing": "traffic_signals",
        "crossing:island": "no",
        "highway": "traffic_signals",
        "kerb": "lowered",
        "supervised": "no",
        "traffic_signals": "signal",
        "traffic_signals:direction": "backward",
        "traffic_signals:sound": "yes"
      },
      "geometry": {
        "type": "Point",
        "coordinates": [
          19.8308803,
          49.9744958
        ]
      },
      "id": "node/3441368177"
    },
    {
      "type": "Feature",
      "properties": {
        "@id": "node/3441368798",
        "button_operated": "yes",
        "crossing": "traffic_signals",
        "crossing:island": "no",
        "highway": "traffic_signals",
        "kerb": "lowered",
        "supervised": "no",
        "traffic_signals": "signal",
        "traffic_signals:direction": "backward",
        "traffic_signals:sound": "yes"
      },
      "geometry": {
        "type": "Point",
        "coordinates": [
          19.8311461,
          49.9745973
        ]
      },
      "id": "node/3441368798"
    },
    {
      "type": "Feature",
      "properties": {
        "@id": "node/3441368806",
        "button_operated": "yes",
        "crossing": "traffic_signals",
        "crossing:island": "no",
        "highway": "traffic_signals",
        "kerb": "lowered",
        "supervised": "no",
        "traffic_signals": "signal",
        "traffic_signals:direction": "forward",
        "traffic_signals:sound": "yes"
      },
      "geometry": {
        "type": "Point",
        "coordinates": [
          19.8306712,
          49.9746381
        ]
      },
      "id": "node/3441368806"
    },
    {
      "type": "Feature",
      "properties": {
        "@id": "node/3441369202",
        "button_operated": "yes",
        "crossing": "traffic_signals",
        "crossing:island": "no",
        "highway": "traffic_signals",
        "kerb": "lowered",
        "supervised": "no",
        "tactile_paving": "yes",
        "traffic_signals": "signal",
        "traffic_signals:direction": "forward",
        "traffic_signals:sound": "yes"
      },
      "geometry": {
        "type": "Point",
        "coordinates": [
          19.8309459,
          49.974758
        ]
      },
      "id": "node/3441369202"
    },
    {
      "type": "Feature",
      "properties": {
        "@id": "node/3448211715",
        "highway": "traffic_signals"
      },
      "geometry": {
        "type": "Point",
        "coordinates": [
          19.9457609,
          50.014851
        ]
      },
      "id": "node/3448211715"
    },
    {
      "type": "Feature",
      "properties": {
        "@id": "node/3464198781",
        "button_operated": "no",
        "crossing": "traffic_signals",
        "crossing:island": "yes",
        "crossing:markings": "zebra:bicolour",
        "crossing:markings:colour": "red",
        "highway": "traffic_signals",
        "kerb": "lowered",
        "supervised": "no",
        "tactile_paving": "no",
        "traffic_signals:direction": "forward",
        "traffic_signals:sound": "yes"
      },
      "geometry": {
        "type": "Point",
        "coordinates": [
          19.829685,
          49.9730983
        ]
      },
      "id": "node/3464198781"
    },
    {
      "type": "Feature",
      "properties": {
        "@id": "node/3464198782",
        "button_operated": "no",
        "crossing": "traffic_signals",
        "crossing:island": "yes",
        "crossing:markings": "zebra:bicolour",
        "crossing:markings:colour": "red",
        "highway": "traffic_signals",
        "kerb": "lowered",
        "supervised": "no",
        "tactile_paving": "no",
        "traffic_signals:direction": "backward",
        "traffic_signals:sound": "yes"
      },
      "geometry": {
        "type": "Point",
        "coordinates": [
          19.8300029,
          49.9731004
        ]
      },
      "id": "node/3464198782"
    },
    {
      "type": "Feature",
      "properties": {
        "@id": "node/3464198783",
        "button_operated": "yes",
        "crossing": "traffic_signals",
        "crossing:island": "yes",
        "crossing:markings": "zebra:bicolour",
        "crossing:markings:colour": "red",
        "highway": "traffic_signals",
        "kerb": "lowered",
        "supervised": "no",
        "tactile_paving": "no",
        "traffic_signals:direction": "forward",
        "traffic_signals:sound": "yes"
      },
      "geometry": {
        "type": "Point",
        "coordinates": [
          19.8299158,
          49.9732355
        ]
      },
      "id": "node/3464198783"
    },
    {
      "type": "Feature",
      "properties": {
        "@id": "node/3623707692",
        "highway": "traffic_signals"
      },
      "geometry": {
        "type": "Point",
        "coordinates": [
          19.9891198,
          50.0640538
        ]
      },
      "id": "node/3623707692"
    },
    {
      "type": "Feature",
      "properties": {
        "@id": "node/3625935661",
        "highway": "traffic_signals"
      },
      "geometry": {
        "type": "Point",
        "coordinates": [
          19.9697472,
          50.0664486
        ]
      },
      "id": "node/3625935661"
    },
    {
      "type": "Feature",
      "properties": {
        "@id": "node/3629869271",
        "highway": "traffic_signals"
      },
      "geometry": {
        "type": "Point",
        "coordinates": [
          20.0116899,
          50.0738988
        ]
      },
      "id": "node/3629869271"
    },
    {
      "type": "Feature",
      "properties": {
        "@id": "node/3644405358",
        "highway": "traffic_signals",
        "traffic_signals:direction": "forward"
      },
      "geometry": {
        "type": "Point",
        "coordinates": [
          20.0043901,
          50.0668151
        ]
      },
      "id": "node/3644405358"
    },
    {
      "type": "Feature",
      "properties": {
        "@id": "node/3666484182",
        "highway": "traffic_signals"
      },
      "geometry": {
        "type": "Point",
        "coordinates": [
          19.9891765,
          50.0646516
        ]
      },
      "id": "node/3666484182"
    },
    {
      "type": "Feature",
      "properties": {
        "@id": "node/3674176227",
        "highway": "traffic_signals",
        "traffic_signals": "blinker"
      },
      "geometry": {
        "type": "Point",
        "coordinates": [
          20.0195325,
          50.0852918
        ]
      },
      "id": "node/3674176227"
    },
    {
      "type": "Feature",
      "properties": {
        "@id": "node/3718905217",
        "highway": "traffic_signals"
      },
      "geometry": {
        "type": "Point",
        "coordinates": [
          19.9468854,
          50.0759725
        ]
      },
      "id": "node/3718905217"
    },
    {
      "type": "Feature",
      "properties": {
        "@id": "node/3726739246",
        "highway": "traffic_signals",
        "traffic_signals": "signal"
      },
      "geometry": {
        "type": "Point",
        "coordinates": [
          19.9580451,
          50.0665897
        ]
      },
      "id": "node/3726739246"
    },
    {
      "type": "Feature",
      "properties": {
        "@id": "node/3726739288",
        "highway": "traffic_signals",
        "traffic_signals": "signal"
      },
      "geometry": {
        "type": "Point",
        "coordinates": [
          19.9593542,
          50.0666488
        ]
      },
      "id": "node/3726739288"
    },
    {
      "type": "Feature",
      "properties": {
        "@id": "node/3726739311",
        "highway": "traffic_signals",
        "traffic_signals": "signal"
      },
      "geometry": {
        "type": "Point",
        "coordinates": [
          19.9582891,
          50.0665188
        ]
      },
      "id": "node/3726739311"
    },
    {
      "type": "Feature",
      "properties": {
        "@id": "node/3727148571",
        "highway": "traffic_signals"
      },
      "geometry": {
        "type": "Point",
        "coordinates": [
          19.9595005,
          50.0681777
        ]
      },
      "id": "node/3727148571"
    },
    {
      "type": "Feature",
      "properties": {
        "@id": "node/3727158647",
        "highway": "traffic_signals",
        "traffic_signals": "signal"
      },
      "geometry": {
        "type": "Point",
        "coordinates": [
          19.9610279,
          50.0662581
        ]
      },
      "id": "node/3727158647"
    },
    {
      "type": "Feature",
      "properties": {
        "@id": "node/3727404088",
        "highway": "traffic_signals",
        "traffic_signals": "signal"
      },
      "geometry": {
        "type": "Point",
        "coordinates": [
          19.9584837,
          50.0653511
        ]
      },
      "id": "node/3727404088"
    },
    {
      "type": "Feature",
      "properties": {
        "@id": "node/3794228970",
        "highway": "traffic_signals"
      },
      "geometry": {
        "type": "Point",
        "coordinates": [
          20.0034485,
          50.0635317
        ]
      },
      "id": "node/3794228970"
    },
    {
      "type": "Feature",
      "properties": {
        "@id": "node/3883985797",
        "highway": "traffic_signals"
      },
      "geometry": {
        "type": "Point",
        "coordinates": [
          19.9590577,
          50.0276416
        ]
      },
      "id": "node/3883985797"
    },
    {
      "type": "Feature",
      "properties": {
        "@id": "node/3883985799",
        "highway": "traffic_signals"
      },
      "geometry": {
        "type": "Point",
        "coordinates": [
          19.9591428,
          50.0276578
        ]
      },
      "id": "node/3883985799"
    },
    {
      "type": "Feature",
      "properties": {
        "@id": "node/3912790640",
        "highway": "traffic_signals"
      },
      "geometry": {
        "type": "Point",
        "coordinates": [
          19.9444187,
          50.0729065
        ]
      },
      "id": "node/3912790640"
    },
    {
      "type": "Feature",
      "properties": {
        "@id": "node/3916754892",
        "highway": "traffic_signals",
        "traffic_signals:direction": "backward"
      },
      "geometry": {
        "type": "Point",
        "coordinates": [
          20.0815479,
          50.0646584
        ]
      },
      "id": "node/3916754892"
    },
    {
      "type": "Feature",
      "properties": {
        "@id": "node/4238442017",
        "highway": "traffic_signals"
      },
      "geometry": {
        "type": "Point",
        "coordinates": [
          19.8813499,
          50.0909957
        ]
      },
      "id": "node/4238442017"
    },
    {
      "type": "Feature",
      "properties": {
        "@id": "node/4277502529",
        "highway": "traffic_signals"
      },
      "geometry": {
        "type": "Point",
        "coordinates": [
          19.9858869,
          50.0730124
        ]
      },
      "id": "node/4277502529"
    },
    {
      "type": "Feature",
      "properties": {
        "@id": "node/4277502535",
        "highway": "traffic_signals"
      },
      "geometry": {
        "type": "Point",
        "coordinates": [
          19.9862112,
          50.0732843
        ]
      },
      "id": "node/4277502535"
    },
    {
      "type": "Feature",
      "properties": {
        "@id": "node/4279928242",
        "highway": "traffic_signals"
      },
      "geometry": {
        "type": "Point",
        "coordinates": [
          19.9896703,
          50.0733916
        ]
      },
      "id": "node/4279928242"
    },
    {
      "type": "Feature",
      "properties": {
        "@id": "node/4279928243",
        "highway": "traffic_signals"
      },
      "geometry": {
        "type": "Point",
        "coordinates": [
          19.9900794,
          50.0736157
        ]
      },
      "id": "node/4279928243"
    },
    {
      "type": "Feature",
      "properties": {
        "@id": "node/4295709015",
        "highway": "traffic_signals"
      },
      "geometry": {
        "type": "Point",
        "coordinates": [
          19.9460119,
          50.07031
        ]
      },
      "id": "node/4295709015"
    },
    {
      "type": "Feature",
      "properties": {
        "@id": "node/4298062016",
        "highway": "traffic_signals"
      },
      "geometry": {
        "type": "Point",
        "coordinates": [
          20.0043836,
          50.0119827
        ]
      },
      "id": "node/4298062016"
    },
    {
      "type": "Feature",
      "properties": {
        "@id": "node/4298096926",
        "highway": "traffic_signals",
        "traffic_signals:direction": "forward"
      },
      "geometry": {
        "type": "Point",
        "coordinates": [
          19.9781676,
          50.0251084
        ]
      },
      "id": "node/4298096926"
    },
    {
      "type": "Feature",
      "properties": {
        "@id": "node/4349714995",
        "highway": "traffic_signals"
      },
      "geometry": {
        "type": "Point",
        "coordinates": [
          19.8909103,
          50.0871579
        ]
      },
      "id": "node/4349714995"
    },
    {
      "type": "Feature",
      "properties": {
        "@id": "node/4382502724",
        "highway": "traffic_signals",
        "traffic_signals": "signal"
      },
      "geometry": {
        "type": "Point",
        "coordinates": [
          19.965944,
          50.0731568
        ]
      },
      "id": "node/4382502724"
    },
    {
      "type": "Feature",
      "properties": {
        "@id": "node/4395730223",
        "highway": "traffic_signals"
      },
      "geometry": {
        "type": "Point",
        "coordinates": [
          19.9801611,
          50.0238791
        ]
      },
      "id": "node/4395730223"
    },
    {
      "type": "Feature",
      "properties": {
        "@id": "node/4424336356",
        "highway": "traffic_signals",
        "traffic_signals": "signal"
      },
      "geometry": {
        "type": "Point",
        "coordinates": [
          19.9359772,
          49.992882
        ]
      },
      "id": "node/4424336356"
    },
    {
      "type": "Feature",
      "properties": {
        "@id": "node/4484315302",
        "highway": "traffic_signals"
      },
      "geometry": {
        "type": "Point",
        "coordinates": [
          19.9771807,
          50.0674815
        ]
      },
      "id": "node/4484315302"
    },
    {
      "type": "Feature",
      "properties": {
        "@id": "node/4485876485",
        "highway": "traffic_signals",
        "traffic_signals:direction": "backward"
      },
      "geometry": {
        "type": "Point",
        "coordinates": [
          19.9872742,
          50.0200115
        ]
      },
      "id": "node/4485876485"
    },
    {
      "type": "Feature",
      "properties": {
        "@id": "node/4502755199",
        "highway": "traffic_signals"
      },
      "geometry": {
        "type": "Point",
        "coordinates": [
          19.9240266,
          50.0410746
        ]
      },
      "id": "node/4502755199"
    },
    {
      "type": "Feature",
      "properties": {
        "@id": "node/4502755201",
        "highway": "traffic_signals"
      },
      "geometry": {
        "type": "Point",
        "coordinates": [
          19.9240937,
          50.040967
        ]
      },
      "id": "node/4502755201"
    },
    {
      "type": "Feature",
      "properties": {
        "@id": "node/4514594768",
        "highway": "traffic_signals"
      },
      "geometry": {
        "type": "Point",
        "coordinates": [
          20.0038524,
          50.0633438
        ]
      },
      "id": "node/4514594768"
    },
    {
      "type": "Feature",
      "properties": {
        "@id": "node/4514594769",
        "highway": "traffic_signals",
        "traffic_signals:direction": "forward"
      },
      "geometry": {
        "type": "Point",
        "coordinates": [
          20.0042173,
          50.0636068
        ]
      },
      "id": "node/4514594769"
    },
    {
      "type": "Feature",
      "properties": {
        "@id": "node/4514594770",
        "highway": "traffic_signals"
      },
      "geometry": {
        "type": "Point",
        "coordinates": [
          20.0037505,
          50.0637622
        ]
      },
      "id": "node/4514594770"
    },
    {
      "type": "Feature",
      "properties": {
        "@id": "node/4514594774",
        "highway": "traffic_signals"
      },
      "geometry": {
        "type": "Point",
        "coordinates": [
          20.0050199,
          50.0669878
        ]
      },
      "id": "node/4514594774"
    },
    {
      "type": "Feature",
      "properties": {
        "@id": "node/4516202180",
        "highway": "traffic_signals"
      },
      "geometry": {
        "type": "Point",
        "coordinates": [
          19.9967197,
          50.0658322
        ]
      },
      "id": "node/4516202180"
    },
    {
      "type": "Feature",
      "properties": {
        "@id": "node/4516297212",
        "highway": "traffic_signals",
        "traffic_signals:direction": "forward"
      },
      "geometry": {
        "type": "Point",
        "coordinates": [
          20.0426207,
          50.0733166
        ]
      },
      "id": "node/4516297212"
    },
    {
      "type": "Feature",
      "properties": {
        "@id": "node/4516297213",
        "highway": "traffic_signals"
      },
      "geometry": {
        "type": "Point",
        "coordinates": [
          20.0421549,
          50.0733722
        ]
      },
      "id": "node/4516297213"
    },
    {
      "type": "Feature",
      "properties": {
        "@id": "node/4516297214",
        "highway": "traffic_signals"
      },
      "geometry": {
        "type": "Point",
        "coordinates": [
          20.0427804,
          50.0737189
        ]
      },
      "id": "node/4516297214"
    },
    {
      "type": "Feature",
      "properties": {
        "@id": "node/4516297215",
        "highway": "traffic_signals",
        "traffic_signals:direction": "backward"
      },
      "geometry": {
        "type": "Point",
        "coordinates": [
          20.0423074,
          50.0738046
        ]
      },
      "id": "node/4516297215"
    },
    {
      "type": "Feature",
      "properties": {
        "@id": "node/4539719370",
        "highway": "traffic_signals"
      },
      "geometry": {
        "type": "Point",
        "coordinates": [
          19.9250764,
          50.0657344
        ]
      },
      "id": "node/4539719370"
    },
    {
      "type": "Feature",
      "properties": {
        "@id": "node/4579390951",
        "highway": "traffic_signals",
        "traffic_signals": "controller",
        "traffic_signals:direction": "backward"
      },
      "geometry": {
        "type": "Point",
        "coordinates": [
          20.0014483,
          49.9841928
        ]
      },
      "id": "node/4579390951"
    },
    {
      "type": "Feature",
      "properties": {
        "@id": "node/4692967587",
        "highway": "traffic_signals"
      },
      "geometry": {
        "type": "Point",
        "coordinates": [
          19.9013118,
          50.0776424
        ]
      },
      "id": "node/4692967587"
    },
    {
      "type": "Feature",
      "properties": {
        "@id": "node/5097470629",
        "highway": "traffic_signals",
        "traffic_signals": "signal"
      },
      "geometry": {
        "type": "Point",
        "coordinates": [
          20.0540563,
          49.9885643
        ]
      },
      "id": "node/5097470629"
    },
    {
      "type": "Feature",
      "properties": {
        "@id": "node/5097470630",
        "highway": "traffic_signals",
        "traffic_signals": "signal"
      },
      "geometry": {
        "type": "Point",
        "coordinates": [
          20.054772,
          49.9884866
        ]
      },
      "id": "node/5097470630"
    },
    {
      "type": "Feature",
      "properties": {
        "@id": "node/5097470631",
        "highway": "traffic_signals",
        "traffic_signals": "signal"
      },
      "geometry": {
        "type": "Point",
        "coordinates": [
          20.0546256,
          49.9883061
        ]
      },
      "id": "node/5097470631"
    },
    {
      "type": "Feature",
      "properties": {
        "@id": "node/5097470632",
        "highway": "traffic_signals",
        "traffic_signals": "signal"
      },
      "geometry": {
        "type": "Point",
        "coordinates": [
          20.0543107,
          49.9886445
        ]
      },
      "id": "node/5097470632"
    },
    {
      "type": "Feature",
      "properties": {
        "@id": "node/5195997693",
        "highway": "traffic_signals",
        "traffic_signals": "signal"
      },
      "geometry": {
        "type": "Point",
        "coordinates": [
          19.9384574,
          50.0505841
        ]
      },
      "id": "node/5195997693"
    },
    {
      "type": "Feature",
      "properties": {
        "@id": "node/5257752891",
        "highway": "traffic_signals",
        "kerb": "lowered",
        "traffic_signals": "signal"
      },
      "geometry": {
        "type": "Point",
        "coordinates": [
          19.9276074,
          50.0549574
        ]
      },
      "id": "node/5257752891"
    },
    {
      "type": "Feature",
      "properties": {
        "@id": "node/5257752892",
        "highway": "traffic_signals",
        "kerb": "lowered",
        "traffic_signals": "signal"
      },
      "geometry": {
        "type": "Point",
        "coordinates": [
          19.9277797,
          50.0550152
        ]
      },
      "id": "node/5257752892"
    },
    {
      "type": "Feature",
      "properties": {
        "@id": "node/5258265401",
        "highway": "traffic_signals",
        "traffic_signals": "blinker"
      },
      "geometry": {
        "type": "Point",
        "coordinates": [
          19.9258516,
          50.0348779
        ]
      },
      "id": "node/5258265401"
    },
    {
      "type": "Feature",
      "properties": {
        "@id": "node/5258265402",
        "highway": "traffic_signals",
        "traffic_signals": "blinker"
      },
      "geometry": {
        "type": "Point",
        "coordinates": [
          19.9257208,
          50.0383853
        ]
      },
      "id": "node/5258265402"
    },
    {
      "type": "Feature",
      "properties": {
        "@id": "node/5258265403",
        "highway": "traffic_signals",
        "traffic_signals": "blinker"
      },
      "geometry": {
        "type": "Point",
        "coordinates": [
          19.9258498,
          50.0383936
        ]
      },
      "id": "node/5258265403"
    },
    {
      "type": "Feature",
      "properties": {
        "@id": "node/5287708433",
        "highway": "traffic_signals",
        "traffic_signals": "signal"
      },
      "geometry": {
        "type": "Point",
        "coordinates": [
          19.9547318,
          50.0518044
        ]
      },
      "id": "node/5287708433"
    },
    {
      "type": "Feature",
      "properties": {
        "@id": "node/5287708434",
        "highway": "traffic_signals",
        "traffic_signals": "signal"
      },
      "geometry": {
        "type": "Point",
        "coordinates": [
          19.9549,
          50.0514733
        ]
      },
      "id": "node/5287708434"
    },
    {
      "type": "Feature",
      "properties": {
        "@id": "node/5287708435",
        "highway": "traffic_signals",
        "traffic_signals": "signal"
      },
      "geometry": {
        "type": "Point",
        "coordinates": [
          19.9552415,
          50.0518597
        ]
      },
      "id": "node/5287708435"
    },
    {
      "type": "Feature",
      "properties": {
        "@id": "node/5331206462",
        "highway": "traffic_signals"
      },
      "geometry": {
        "type": "Point",
        "coordinates": [
          19.9241241,
          50.0658978
        ]
      },
      "id": "node/5331206462"
    },
    {
      "type": "Feature",
      "properties": {
        "@id": "node/5435988947",
        "highway": "traffic_signals"
      },
      "geometry": {
        "type": "Point",
        "coordinates": [
          19.9131708,
          50.0295856
        ]
      },
      "id": "node/5435988947"
    },
    {
      "type": "Feature",
      "properties": {
        "@id": "node/5444059308",
        "highway": "traffic_signals",
        "traffic_signals": "signal"
      },
      "geometry": {
        "type": "Point",
        "coordinates": [
          19.9327262,
          50.0210359
        ]
      },
      "id": "node/5444059308"
    },
    {
      "type": "Feature",
      "properties": {
        "@id": "node/5515905117",
        "highway": "traffic_signals"
      },
      "geometry": {
        "type": "Point",
        "coordinates": [
          19.9879405,
          50.0888841
        ]
      },
      "id": "node/5515905117"
    },
    {
      "type": "Feature",
      "properties": {
        "@id": "node/5587769618",
        "highway": "traffic_signals"
      },
      "geometry": {
        "type": "Point",
        "coordinates": [
          19.9296195,
          50.0157836
        ]
      },
      "id": "node/5587769618"
    },
    {
      "type": "Feature",
      "properties": {
        "@id": "node/5587769619",
        "highway": "traffic_signals",
        "traffic_signals": "signal"
      },
      "geometry": {
        "type": "Point",
        "coordinates": [
          19.9296235,
          50.0159997
        ]
      },
      "id": "node/5587769619"
    },
    {
      "type": "Feature",
      "properties": {
        "@id": "node/5726056947",
        "highway": "traffic_signals"
      },
      "geometry": {
        "type": "Point",
        "coordinates": [
          19.9278849,
          50.0554632
        ]
      },
      "id": "node/5726056947"
    },
    {
      "type": "Feature",
      "properties": {
        "@id": "node/5726056948",
        "highway": "traffic_signals"
      },
      "geometry": {
        "type": "Point",
        "coordinates": [
          19.9272283,
          50.0549768
        ]
      },
      "id": "node/5726056948"
    },
    {
      "type": "Feature",
      "properties": {
        "@id": "node/5726056949",
        "highway": "traffic_signals"
      },
      "geometry": {
        "type": "Point",
        "coordinates": [
          19.927318,
          50.0549727
        ]
      },
      "id": "node/5726056949"
    },
    {
      "type": "Feature",
      "properties": {
        "@id": "node/5726056950",
        "highway": "traffic_signals"
      },
      "geometry": {
        "type": "Point",
        "coordinates": [
          19.9271532,
          50.0551279
        ]
      },
      "id": "node/5726056950"
    },
    {
      "type": "Feature",
      "properties": {
        "@id": "node/5726056951",
        "highway": "traffic_signals"
      },
      "geometry": {
        "type": "Point",
        "coordinates": [
          19.9277837,
          50.0554582
        ]
      },
      "id": "node/5726056951"
    },
    {
      "type": "Feature",
      "properties": {
        "@id": "node/5762138822",
        "highway": "traffic_signals"
      },
      "geometry": {
        "type": "Point",
        "coordinates": [
          19.9557521,
          50.0870905
        ]
      },
      "id": "node/5762138822"
    },
    {
      "type": "Feature",
      "properties": {
        "@id": "node/5762138823",
        "highway": "traffic_signals"
      },
      "geometry": {
        "type": "Point",
        "coordinates": [
          19.9559265,
          50.0874912
        ]
      },
      "id": "node/5762138823"
    },
    {
      "type": "Feature",
      "properties": {
        "@id": "node/5762138830",
        "highway": "traffic_signals"
      },
      "geometry": {
        "type": "Point",
        "coordinates": [
          19.9573623,
          50.0887715
        ]
      },
      "id": "node/5762138830"
    },
    {
      "type": "Feature",
      "properties": {
        "@id": "node/5762553483",
        "highway": "traffic_signals",
        "traffic_signals:direction": "backward"
      },
      "geometry": {
        "type": "Point",
        "coordinates": [
          19.9794778,
          50.0860618
        ]
      },
      "id": "node/5762553483"
    },
    {
      "type": "Feature",
      "properties": {
        "@id": "node/5762618258",
        "highway": "traffic_signals"
      },
      "geometry": {
        "type": "Point",
        "coordinates": [
          19.9807754,
          50.0727734
        ]
      },
      "id": "node/5762618258"
    },
    {
      "type": "Feature",
      "properties": {
        "@id": "node/5762618259",
        "highway": "traffic_signals"
      },
      "geometry": {
        "type": "Point",
        "coordinates": [
          19.9813761,
          50.0725354
        ]
      },
      "id": "node/5762618259"
    },
    {
      "type": "Feature",
      "properties": {
        "@id": "node/5762626882",
        "highway": "traffic_signals"
      },
      "geometry": {
        "type": "Point",
        "coordinates": [
          19.9744694,
          50.0666371
        ]
      },
      "id": "node/5762626882"
    },
    {
      "type": "Feature",
      "properties": {
        "@id": "node/5762626883",
        "highway": "traffic_signals"
      },
      "geometry": {
        "type": "Point",
        "coordinates": [
          19.9746732,
          50.0668127
        ]
      },
      "id": "node/5762626883"
    },
    {
      "type": "Feature",
      "properties": {
        "@id": "node/5762626885",
        "highway": "traffic_signals"
      },
      "geometry": {
        "type": "Point",
        "coordinates": [
          19.9801907,
          50.0691339
        ]
      },
      "id": "node/5762626885"
    },
    {
      "type": "Feature",
      "properties": {
        "@id": "node/5783651678",
        "highway": "traffic_signals"
      },
      "geometry": {
        "type": "Point",
        "coordinates": [
          19.9640951,
          50.0665489
        ]
      },
      "id": "node/5783651678"
    },
    {
      "type": "Feature",
      "properties": {
        "@id": "node/5784993832",
        "highway": "traffic_signals",
        "traffic_signals": "signal"
      },
      "geometry": {
        "type": "Point",
        "coordinates": [
          19.9842448,
          50.0632917
        ]
      },
      "id": "node/5784993832"
    },
    {
      "type": "Feature",
      "properties": {
        "@id": "node/5784993833",
        "highway": "traffic_signals",
        "traffic_signals": "signal"
      },
      "geometry": {
        "type": "Point",
        "coordinates": [
          19.9843016,
          50.0630768
        ]
      },
      "id": "node/5784993833"
    },
    {
      "type": "Feature",
      "properties": {
        "@id": "node/5785058350",
        "highway": "traffic_signals",
        "traffic_signals": "signal"
      },
      "geometry": {
        "type": "Point",
        "coordinates": [
          19.9793978,
          50.0611611
        ]
      },
      "id": "node/5785058350"
    },
    {
      "type": "Feature",
      "properties": {
        "@id": "node/5884368836",
        "direction": "forward",
        "highway": "traffic_signals",
        "traffic_signals": "signal"
      },
      "geometry": {
        "type": "Point",
        "coordinates": [
          20.0629961,
          50.0370734
        ]
      },
      "id": "node/5884368836"
    },
    {
      "type": "Feature",
      "properties": {
        "@id": "node/5884369866",
        "direction": "forward",
        "highway": "traffic_signals",
        "traffic_signals": "signal"
      },
      "geometry": {
        "type": "Point",
        "coordinates": [
          20.0635308,
          50.0377177
        ]
      },
      "id": "node/5884369866"
    },
    {
      "type": "Feature",
      "properties": {
        "@id": "node/5981311507",
        "highway": "traffic_signals",
        "traffic_signals": "signal"
      },
      "geometry": {
        "type": "Point",
        "coordinates": [
          19.9457238,
          50.0190826
        ]
      },
      "id": "node/5981311507"
    },
    {
      "type": "Feature",
      "properties": {
        "@id": "node/5981311508",
        "highway": "traffic_signals",
        "traffic_signals": "signal"
      },
      "geometry": {
        "type": "Point",
        "coordinates": [
          19.9452986,
          50.0192695
        ]
      },
      "id": "node/5981311508"
    },
    {
      "type": "Feature",
      "properties": {
        "@id": "node/5981311509",
        "highway": "traffic_signals",
        "traffic_signals": "signal"
      },
      "geometry": {
        "type": "Point",
        "coordinates": [
          19.9460094,
          50.0193314
        ]
      },
      "id": "node/5981311509"
    },
    {
      "type": "Feature",
      "properties": {
        "@id": "node/5981311510",
        "highway": "traffic_signals",
        "traffic_signals": "signal"
      },
      "geometry": {
        "type": "Point",
        "coordinates": [
          19.9455862,
          50.0195001
        ]
      },
      "id": "node/5981311510"
    },
    {
      "type": "Feature",
      "properties": {
        "@id": "node/6013299542",
        "highway": "traffic_signals",
        "traffic_signals": "signal"
      },
      "geometry": {
        "type": "Point",
        "coordinates": [
          19.8892212,
          50.0812718
        ]
      },
      "id": "node/6013299542"
    },
    {
      "type": "Feature",
      "properties": {
        "@id": "node/6050184363",
        "button_operated": "yes",
        "crossing": "traffic_signals",
        "crossing:island": "yes",
        "crossing:markings": "zebra:bicolour",
        "crossing:markings:colour": "red",
        "highway": "traffic_signals",
        "kerb": "lowered",
        "supervised": "no",
        "tactile_paving": "no",
        "traffic_signals:direction": "backward",
        "traffic_signals:sound": "yes"
      },
      "geometry": {
        "type": "Point",
        "coordinates": [
          19.829839,
          49.9730244
        ]
      },
      "id": "node/6050184363"
    },
    {
      "type": "Feature",
      "properties": {
        "@id": "node/6129238976",
        "highway": "traffic_signals",
        "traffic_signals": "signal"
      },
      "geometry": {
        "type": "Point",
        "coordinates": [
          19.9220267,
          50.0333986
        ]
      },
      "id": "node/6129238976"
    },
    {
      "type": "Feature",
      "properties": {
        "@id": "node/6137076001",
        "highway": "traffic_signals"
      },
      "geometry": {
        "type": "Point",
        "coordinates": [
          19.927954,
          50.0553203
        ]
      },
      "id": "node/6137076001"
    },
    {
      "type": "Feature",
      "properties": {
        "@id": "node/6143682452",
        "highway": "traffic_signals",
        "traffic_signals": "signal",
        "traffic_signals:direction": "backward"
      },
      "geometry": {
        "type": "Point",
        "coordinates": [
          20.0614334,
          49.9844173
        ]
      },
      "id": "node/6143682452"
    },
    {
      "type": "Feature",
      "properties": {
        "@id": "node/6143682453",
        "highway": "traffic_signals",
        "traffic_signals": "signal",
        "traffic_signals:direction": "forward"
      },
      "geometry": {
        "type": "Point",
        "coordinates": [
          20.0611904,
          49.9845326
        ]
      },
      "id": "node/6143682453"
    },
    {
      "type": "Feature",
      "properties": {
        "@id": "node/6143682454",
        "highway": "traffic_signals",
        "traffic_signals": "signal",
        "traffic_signals:direction": "backward"
      },
      "geometry": {
        "type": "Point",
        "coordinates": [
          20.0610486,
          49.9842625
        ]
      },
      "id": "node/6143682454"
    },
    {
      "type": "Feature",
      "properties": {
        "@id": "node/6179316574",
        "highway": "traffic_signals",
        "traffic_signals": "signal"
      },
      "geometry": {
        "type": "Point",
        "coordinates": [
          20.1189966,
          50.0729182
        ]
      },
      "id": "node/6179316574"
    },
    {
      "type": "Feature",
      "properties": {
        "@id": "node/6221675167",
        "highway": "traffic_signals"
      },
      "geometry": {
        "type": "Point",
        "coordinates": [
          19.8834473,
          50.0121711
        ]
      },
      "id": "node/6221675167"
    },
    {
      "type": "Feature",
      "properties": {
        "@id": "node/6251333136",
        "highway": "traffic_signals",
        "traffic_signals": "signal"
      },
      "geometry": {
        "type": "Point",
        "coordinates": [
          19.9155668,
          50.0444524
        ]
      },
      "id": "node/6251333136"
    },
    {
      "type": "Feature",
      "properties": {
        "@id": "node/6285439305",
        "direction": "forward",
        "highway": "traffic_signals",
        "traffic_signals": "signal"
      },
      "geometry": {
        "type": "Point",
        "coordinates": [
          20.0643771,
          50.0369287
        ]
      },
      "id": "node/6285439305"
    },
    {
      "type": "Feature",
      "properties": {
        "@id": "node/6285439306",
        "direction": "forward",
        "highway": "traffic_signals",
        "traffic_signals": "signal"
      },
      "geometry": {
        "type": "Point",
        "coordinates": [
          20.0648785,
          50.0374438
        ]
      },
      "id": "node/6285439306"
    },
    {
      "type": "Feature",
      "properties": {
        "@id": "node/6433270930",
        "highway": "traffic_signals"
      },
      "geometry": {
        "type": "Point",
        "coordinates": [
          19.9365481,
          50.0404975
        ]
      },
      "id": "node/6433270930"
    },
    {
      "type": "Feature",
      "properties": {
        "@id": "node/6433270931",
        "highway": "traffic_signals"
      },
      "geometry": {
        "type": "Point",
        "coordinates": [
          19.9364304,
          50.0404349
        ]
      },
      "id": "node/6433270931"
    },
    {
      "type": "Feature",
      "properties": {
        "@id": "node/6470195894",
        "highway": "traffic_signals",
        "tactile_paving": "no",
        "traffic_signals:direction": "forward",
        "traffic_signals:sound": "no"
      },
      "geometry": {
        "type": "Point",
        "coordinates": [
          20.0864214,
          49.9783814
        ]
      },
      "id": "node/6470195894"
    },
    {
      "type": "Feature",
      "properties": {
        "@id": "node/6501046627",
        "highway": "traffic_signals"
      },
      "geometry": {
        "type": "Point",
        "coordinates": [
          19.9264924,
          50.0695022
        ]
      },
      "id": "node/6501046627"
    },
    {
      "type": "Feature",
      "properties": {
        "@id": "node/6643609965",
        "highway": "traffic_signals",
        "traffic_signals": "signal"
      },
      "geometry": {
        "type": "Point",
        "coordinates": [
          19.9468715,
          50.0581797
        ]
      },
      "id": "node/6643609965"
    },
    {
      "type": "Feature",
      "properties": {
        "@id": "node/6715794394",
        "highway": "traffic_signals",
        "traffic_signals:direction": "backward"
      },
      "geometry": {
        "type": "Point",
        "coordinates": [
          19.9355739,
          50.0920299
        ]
      },
      "id": "node/6715794394"
    },
    {
      "type": "Feature",
      "properties": {
        "@id": "node/6736204390",
        "highway": "traffic_signals",
        "traffic_signals": "tram_priority"
      },
      "geometry": {
        "type": "Point",
        "coordinates": [
          19.9804848,
          50.0614657
        ]
      },
      "id": "node/6736204390"
    },
    {
      "type": "Feature",
      "properties": {
        "@id": "node/6920181454",
        "highway": "traffic_signals",
        "traffic_signals": "signal"
      },
      "geometry": {
        "type": "Point",
        "coordinates": [
          19.8839253,
          50.0123627
        ]
      },
      "id": "node/6920181454"
    },
    {
      "type": "Feature",
      "properties": {
        "@id": "node/6945961383",
        "highway": "traffic_signals"
      },
      "geometry": {
        "type": "Point",
        "coordinates": [
          19.9458987,
          50.0329114
        ]
      },
      "id": "node/6945961383"
    },
    {
      "type": "Feature",
      "properties": {
        "@id": "node/6946664576",
        "highway": "traffic_signals",
        "traffic_signals:direction": "forward"
      },
      "geometry": {
        "type": "Point",
        "coordinates": [
          19.954598,
          50.0859484
        ]
      },
      "id": "node/6946664576"
    },
    {
      "type": "Feature",
      "properties": {
        "@id": "node/6946664581",
        "highway": "traffic_signals",
        "traffic_signals:direction": "forward"
      },
      "geometry": {
        "type": "Point",
        "coordinates": [
          19.9538176,
          50.0849644
        ]
      },
      "id": "node/6946664581"
    },
    {
      "type": "Feature",
      "properties": {
        "@id": "node/6946699291",
        "highway": "traffic_signals",
        "traffic_signals:direction": "forward"
      },
      "geometry": {
        "type": "Point",
        "coordinates": [
          19.952315,
          50.0828679
        ]
      },
      "id": "node/6946699291"
    },
    {
      "type": "Feature",
      "properties": {
        "@id": "node/6949642864",
        "highway": "traffic_signals"
      },
      "geometry": {
        "type": "Point",
        "coordinates": [
          20.0081441,
          50.0103016
        ]
      },
      "id": "node/6949642864"
    },
    {
      "type": "Feature",
      "properties": {
        "@id": "node/6949642865",
        "highway": "traffic_signals"
      },
      "geometry": {
        "type": "Point",
        "coordinates": [
          20.0050281,
          50.0118759
        ]
      },
      "id": "node/6949642865"
    },
    {
      "type": "Feature",
      "properties": {
        "@id": "node/6960759183",
        "highway": "traffic_signals",
        "traffic_signals:direction": "backward"
      },
      "geometry": {
        "type": "Point",
        "coordinates": [
          19.9828781,
          50.0712627
        ]
      },
      "id": "node/6960759183"
    },
    {
      "type": "Feature",
      "properties": {
        "@id": "node/7003955847",
        "highway": "traffic_signals",
        "traffic_signals": "signal"
      },
      "geometry": {
        "type": "Point",
        "coordinates": [
          19.8891092,
          50.0173623
        ]
      },
      "id": "node/7003955847"
    },
    {
      "type": "Feature",
      "properties": {
        "@id": "node/7003955848",
        "highway": "traffic_signals",
        "traffic_signals": "signal"
      },
      "geometry": {
        "type": "Point",
        "coordinates": [
          19.889795,
          50.0176592
        ]
      },
      "id": "node/7003955848"
    },
    {
      "type": "Feature",
      "properties": {
        "@id": "node/7003955849",
        "highway": "traffic_signals",
        "traffic_signals": "signal"
      },
      "geometry": {
        "type": "Point",
        "coordinates": [
          19.8892148,
          50.0177202
        ]
      },
      "id": "node/7003955849"
    },
    {
      "type": "Feature",
      "properties": {
        "@id": "node/7113908301",
        "highway": "traffic_signals",
        "traffic_signals": "signal",
        "traffic_signals:direction": "backward"
      },
      "geometry": {
        "type": "Point",
        "coordinates": [
          20.1333849,
          50.0884178
        ]
      },
      "id": "node/7113908301"
    },
    {
      "type": "Feature",
      "properties": {
        "@id": "node/7113921252",
        "highway": "traffic_signals",
        "traffic_signals": "signal"
      },
      "geometry": {
        "type": "Point",
        "coordinates": [
          20.1323347,
          50.0911966
        ]
      },
      "id": "node/7113921252"
    },
    {
      "type": "Feature",
      "properties": {
        "@id": "node/7427199721",
        "highway": "traffic_signals",
        "traffic_signals": "signal",
        "traffic_signals:direction": "backward"
      },
      "geometry": {
        "type": "Point",
        "coordinates": [
          20.119102,
          50.0729624
        ]
      },
      "id": "node/7427199721"
    },
    {
      "type": "Feature",
      "properties": {
        "@id": "node/7442960722",
        "highway": "traffic_signals"
      },
      "geometry": {
        "type": "Point",
        "coordinates": [
          20.0039129,
          50.0876618
        ]
      },
      "id": "node/7442960722"
    },
    {
      "type": "Feature",
      "properties": {
        "@id": "node/7444899466",
        "highway": "traffic_signals"
      },
      "geometry": {
        "type": "Point",
        "coordinates": [
          20.0207149,
          50.0756385
        ]
      },
      "id": "node/7444899466"
    },
    {
      "type": "Feature",
      "properties": {
        "@id": "node/7444899467",
        "highway": "traffic_signals"
      },
      "geometry": {
        "type": "Point",
        "coordinates": [
          20.0209737,
          50.0760503
        ]
      },
      "id": "node/7444899467"
    },
    {
      "type": "Feature",
      "properties": {
        "@id": "node/7514526353",
        "highway": "traffic_signals",
        "traffic_signals": "signal",
        "traffic_signals:direction": "forward"
      },
      "geometry": {
        "type": "Point",
        "coordinates": [
          20.0636879,
          50.0375413
        ]
      },
      "id": "node/7514526353"
    },
    {
      "type": "Feature",
      "properties": {
        "@id": "node/7598191804",
        "highway": "traffic_signals",
        "traffic_signals": "signal"
      },
      "geometry": {
        "type": "Point",
        "coordinates": [
          20.1394851,
          50.0751569
        ]
      },
      "id": "node/7598191804"
    },
    {
      "type": "Feature",
      "properties": {
        "@id": "node/7764807177",
        "highway": "traffic_signals"
      },
      "geometry": {
        "type": "Point",
        "coordinates": [
          19.8501344,
          50.1059962
        ]
      },
      "id": "node/7764807177"
    },
    {
      "type": "Feature",
      "properties": {
        "@id": "node/7830901472",
        "highway": "traffic_signals"
      },
      "geometry": {
        "type": "Point",
        "coordinates": [
          19.9814279,
          50.0231031
        ]
      },
      "id": "node/7830901472"
    },
    {
      "type": "Feature",
      "properties": {
        "@id": "node/7830901473",
        "highway": "traffic_signals"
      },
      "geometry": {
        "type": "Point",
        "coordinates": [
          19.9811147,
          50.0230918
        ]
      },
      "id": "node/7830901473"
    },
    {
      "type": "Feature",
      "properties": {
        "@id": "node/7830901474",
        "highway": "traffic_signals"
      },
      "geometry": {
        "type": "Point",
        "coordinates": [
          19.9794412,
          50.0238106
        ]
      },
      "id": "node/7830901474"
    },
    {
      "type": "Feature",
      "properties": {
        "@id": "node/7830901475",
        "highway": "traffic_signals",
        "traffic_signals:direction": "forward"
      },
      "geometry": {
        "type": "Point",
        "coordinates": [
          19.9776694,
          50.0252299
        ]
      },
      "id": "node/7830901475"
    },
    {
      "type": "Feature",
      "properties": {
        "@id": "node/7830901476",
        "highway": "traffic_signals",
        "traffic_signals:direction": "backward"
      },
      "geometry": {
        "type": "Point",
        "coordinates": [
          19.974278,
          50.0264285
        ]
      },
      "id": "node/7830901476"
    },
    {
      "type": "Feature",
      "properties": {
        "@id": "node/7830901477",
        "highway": "traffic_signals",
        "traffic_signals:direction": "forward"
      },
      "geometry": {
        "type": "Point",
        "coordinates": [
          19.9736415,
          50.0260752
        ]
      },
      "id": "node/7830901477"
    },
    {
      "type": "Feature",
      "properties": {
        "@id": "node/7830901480",
        "highway": "traffic_signals"
      },
      "geometry": {
        "type": "Point",
        "coordinates": [
          19.9588001,
          50.0284292
        ]
      },
      "id": "node/7830901480"
    },
    {
      "type": "Feature",
      "properties": {
        "@id": "node/7830901481",
        "highway": "traffic_signals"
      },
      "geometry": {
        "type": "Point",
        "coordinates": [
          19.9583145,
          50.0286841
        ]
      },
      "id": "node/7830901481"
    },
    {
      "type": "Feature",
      "properties": {
        "@id": "node/7830901484",
        "highway": "traffic_signals",
        "traffic_signals:direction": "forward"
      },
      "geometry": {
        "type": "Point",
        "coordinates": [
          19.9483898,
          50.0314429
        ]
      },
      "id": "node/7830901484"
    },
    {
      "type": "Feature",
      "properties": {
        "@id": "node/7830946440",
        "highway": "traffic_signals"
      },
      "geometry": {
        "type": "Point",
        "coordinates": [
          19.9743958,
          50.0262595
        ]
      },
      "id": "node/7830946440"
    },
    {
      "type": "Feature",
      "properties": {
        "@id": "node/7830946445",
        "highway": "traffic_signals"
      },
      "geometry": {
        "type": "Point",
        "coordinates": [
          19.973534,
          50.0263247
        ]
      },
      "id": "node/7830946445"
    },
    {
      "type": "Feature",
      "properties": {
        "@id": "node/7996034450",
        "highway": "traffic_signals"
      },
      "geometry": {
        "type": "Point",
        "coordinates": [
          19.9981635,
          50.07388
        ]
      },
      "id": "node/7996034450"
    },
    {
      "type": "Feature",
      "properties": {
        "@id": "node/7996034452",
        "highway": "traffic_signals",
        "traffic_signals:direction": "forward"
      },
      "geometry": {
        "type": "Point",
        "coordinates": [
          19.9983043,
          50.074206
        ]
      },
      "id": "node/7996034452"
    },
    {
      "type": "Feature",
      "properties": {
        "@id": "node/8277401493",
        "highway": "traffic_signals",
        "traffic_signals:direction": "backward"
      },
      "geometry": {
        "type": "Point",
        "coordinates": [
          20.066739,
          49.9950443
        ]
      },
      "id": "node/8277401493"
    },
    {
      "type": "Feature",
      "properties": {
        "@id": "node/8281579689",
        "highway": "traffic_signals"
      },
      "geometry": {
        "type": "Point",
        "coordinates": [
          19.8982116,
          50.0708076
        ]
      },
      "id": "node/8281579689"
    },
    {
      "type": "Feature",
      "properties": {
        "@id": "node/8281579690",
        "highway": "traffic_signals"
      },
      "geometry": {
        "type": "Point",
        "coordinates": [
          19.8984425,
          50.070886
        ]
      },
      "id": "node/8281579690"
    },
    {
      "type": "Feature",
      "properties": {
        "@id": "node/8316444795",
        "highway": "traffic_signals",
        "traffic_signals:direction": "forward"
      },
      "geometry": {
        "type": "Point",
        "coordinates": [
          19.9813231,
          50.0728083
        ]
      },
      "id": "node/8316444795"
    },
    {
      "type": "Feature",
      "properties": {
        "@id": "node/8358245475",
        "highway": "traffic_signals",
        "traffic_signals": "signal"
      },
      "geometry": {
        "type": "Point",
        "coordinates": [
          19.9289527,
          50.0714696
        ]
      },
      "id": "node/8358245475"
    },
    {
      "type": "Feature",
      "properties": {
        "@id": "node/8388090367",
        "highway": "traffic_signals",
        "traffic_signals": "signal",
        "traffic_signals:direction": "forward"
      },
      "geometry": {
        "type": "Point",
        "coordinates": [
          19.9175346,
          50.0770589
        ]
      },
      "id": "node/8388090367"
    },
    {
      "type": "Feature",
      "properties": {
        "@id": "node/8388090368",
        "highway": "traffic_signals",
        "traffic_signals": "signal",
        "traffic_signals:direction": "backward"
      },
      "geometry": {
        "type": "Point",
        "coordinates": [
          19.9174939,
          50.0769306
        ]
      },
      "id": "node/8388090368"
    },
    {
      "type": "Feature",
      "properties": {
        "@id": "node/8388109487",
        "highway": "traffic_signals",
        "traffic_signals": "signal"
      },
      "geometry": {
        "type": "Point",
        "coordinates": [
          19.8889525,
          50.0771693
        ]
      },
      "id": "node/8388109487"
    },
    {
      "type": "Feature",
      "properties": {
        "@id": "node/8388109488",
        "highway": "traffic_signals",
        "traffic_signals": "signal"
      },
      "geometry": {
        "type": "Point",
        "coordinates": [
          19.8891058,
          50.0770155
        ]
      },
      "id": "node/8388109488"
    },
    {
      "type": "Feature",
      "properties": {
        "@id": "node/8420402697",
        "highway": "traffic_signals",
        "traffic_signals": "signal"
      },
      "geometry": {
        "type": "Point",
        "coordinates": [
          20.0280233,
          50.0801138
        ]
      },
      "id": "node/8420402697"
    },
    {
      "type": "Feature",
      "properties": {
        "@id": "node/8420402698",
        "highway": "traffic_signals",
        "traffic_signals": "signal"
      },
      "geometry": {
        "type": "Point",
        "coordinates": [
          20.026622,
          50.0800272
        ]
      },
      "id": "node/8420402698"
    },
    {
      "type": "Feature",
      "properties": {
        "@id": "node/8420402699",
        "highway": "traffic_signals",
        "traffic_signals": "signal"
      },
      "geometry": {
        "type": "Point",
        "coordinates": [
          20.0270398,
          50.0799571
        ]
      },
      "id": "node/8420402699"
    },
    {
      "type": "Feature",
      "properties": {
        "@id": "node/8420402700",
        "highway": "traffic_signals",
        "traffic_signals": "signal"
      },
      "geometry": {
        "type": "Point",
        "coordinates": [
          20.0267524,
          50.0793685
        ]
      },
      "id": "node/8420402700"
    },
    {
      "type": "Feature",
      "properties": {
        "@id": "node/8475844274",
        "highway": "traffic_signals",
        "traffic_signals:direction": "forward"
      },
      "geometry": {
        "type": "Point",
        "coordinates": [
          19.9599525,
          50.0207386
        ]
      },
      "id": "node/8475844274"
    },
    {
      "type": "Feature",
      "properties": {
        "@id": "node/8484244462",
        "highway": "traffic_signals"
      },
      "geometry": {
        "type": "Point",
        "coordinates": [
          20.0118493,
          50.0740562
        ]
      },
      "id": "node/8484244462"
    },
    {
      "type": "Feature",
      "properties": {
        "@id": "node/8534306183",
        "highway": "traffic_signals"
      },
      "geometry": {
        "type": "Point",
        "coordinates": [
          20.0926519,
          50.0689374
        ]
      },
      "id": "node/8534306183"
    },
    {
      "type": "Feature",
      "properties": {
        "@id": "node/8577091251",
        "highway": "traffic_signals",
        "traffic_signals:direction": "backward"
      },
      "geometry": {
        "type": "Point",
        "coordinates": [
          19.9631609,
          50.0588275
        ]
      },
      "id": "node/8577091251"
    },
    {
      "type": "Feature",
      "properties": {
        "@id": "node/8584504528",
        "highway": "traffic_signals",
        "traffic_signals:direction": "forward"
      },
      "geometry": {
        "type": "Point",
        "coordinates": [
          19.9660377,
          50.0137593
        ]
      },
      "id": "node/8584504528"
    },
    {
      "type": "Feature",
      "properties": {
        "@id": "node/8729935045",
        "highway": "traffic_signals"
      },
      "geometry": {
        "type": "Point",
        "coordinates": [
          19.9877361,
          50.0890874
        ]
      },
      "id": "node/8729935045"
    },
    {
      "type": "Feature",
      "properties": {
        "@id": "node/8729935050",
        "highway": "traffic_signals"
      },
      "geometry": {
        "type": "Point",
        "coordinates": [
          19.9882717,
          50.0892977
        ]
      },
      "id": "node/8729935050"
    },
    {
      "type": "Feature",
      "properties": {
        "@id": "node/8807484948",
        "highway": "traffic_signals",
        "traffic_signals": "blinker"
      },
      "geometry": {
        "type": "Point",
        "coordinates": [
          20.0111669,
          50.0689838
        ]
      },
      "id": "node/8807484948"
    },
    {
      "type": "Feature",
      "properties": {
        "@id": "node/8807484949",
        "highway": "traffic_signals"
      },
      "geometry": {
        "type": "Point",
        "coordinates": [
          20.0206509,
          50.0730345
        ]
      },
      "id": "node/8807484949"
    },
    {
      "type": "Feature",
      "properties": {
        "@id": "node/8807484950",
        "highway": "traffic_signals"
      },
      "geometry": {
        "type": "Point",
        "coordinates": [
          20.0208375,
          50.0731971
        ]
      },
      "id": "node/8807484950"
    },
    {
      "type": "Feature",
      "properties": {
        "@id": "node/8826308925",
        "highway": "traffic_signals",
        "traffic_signals:direction": "forward"
      },
      "geometry": {
        "type": "Point",
        "coordinates": [
          20.0211736,
          50.0757057
        ]
      },
      "id": "node/8826308925"
    },
    {
      "type": "Feature",
      "properties": {
        "@id": "node/8851571036",
        "highway": "traffic_signals",
        "traffic_signals:direction": "backward"
      },
      "geometry": {
        "type": "Point",
        "coordinates": [
          20.0521256,
          50.064852
        ]
      },
      "id": "node/8851571036"
    },
    {
      "type": "Feature",
      "properties": {
        "@id": "node/8851571037",
        "highway": "traffic_signals",
        "traffic_signals:direction": "forward"
      },
      "geometry": {
        "type": "Point",
        "coordinates": [
          20.0521253,
          50.0647776
        ]
      },
      "id": "node/8851571037"
    },
    {
      "type": "Feature",
      "properties": {
        "@id": "node/8851571038",
        "highway": "traffic_signals",
        "traffic_signals:direction": "forward"
      },
      "geometry": {
        "type": "Point",
        "coordinates": [
          20.0288471,
          50.0847447
        ]
      },
      "id": "node/8851571038"
    },
    {
      "type": "Feature",
      "properties": {
        "@id": "node/8851571039",
        "highway": "traffic_signals",
        "traffic_signals:direction": "backward"
      },
      "geometry": {
        "type": "Point",
        "coordinates": [
          20.0292414,
          50.0844097
        ]
      },
      "id": "node/8851571039"
    },
    {
      "type": "Feature",
      "properties": {
        "@id": "node/8851571040",
        "highway": "traffic_signals",
        "traffic_signals:direction": "forward"
      },
      "geometry": {
        "type": "Point",
        "coordinates": [
          20.0287437,
          50.0845633
        ]
      },
      "id": "node/8851571040"
    },
    {
      "type": "Feature",
      "properties": {
        "@id": "node/8851571045",
        "highway": "traffic_signals"
      },
      "geometry": {
        "type": "Point",
        "coordinates": [
          20.0383425,
          50.0853957
        ]
      },
      "id": "node/8851571045"
    },
    {
      "type": "Feature",
      "properties": {
        "@id": "node/8851571046",
        "highway": "traffic_signals",
        "traffic_signals:direction": "forward"
      },
      "geometry": {
        "type": "Point",
        "coordinates": [
          20.038357,
          50.0849957
        ]
      },
      "id": "node/8851571046"
    },
    {
      "type": "Feature",
      "properties": {
        "@id": "node/8851571047",
        "highway": "traffic_signals"
      },
      "geometry": {
        "type": "Point",
        "coordinates": [
          20.0379131,
          50.0849423
        ]
      },
      "id": "node/8851571047"
    },
    {
      "type": "Feature",
      "properties": {
        "@id": "node/8851571048",
        "highway": "traffic_signals",
        "traffic_signals:direction": "forward"
      },
      "geometry": {
        "type": "Point",
        "coordinates": [
          20.0525618,
          50.0682914
        ]
      },
      "id": "node/8851571048"
    },
    {
      "type": "Feature",
      "properties": {
        "@id": "node/8851571049",
        "highway": "traffic_signals",
        "traffic_signals:direction": "backward"
      },
      "geometry": {
        "type": "Point",
        "coordinates": [
          20.0526673,
          50.0687631
        ]
      },
      "id": "node/8851571049"
    },
    {
      "type": "Feature",
      "properties": {
        "@id": "node/8851571050",
        "highway": "traffic_signals"
      },
      "geometry": {
        "type": "Point",
        "coordinates": [
          20.052891,
          50.0685877
        ]
      },
      "id": "node/8851571050"
    },
    {
      "type": "Feature",
      "properties": {
        "@id": "node/8851571051",
        "highway": "traffic_signals"
      },
      "geometry": {
        "type": "Point",
        "coordinates": [
          20.0523303,
          50.0684993
        ]
      },
      "id": "node/8851571051"
    },
    {
      "type": "Feature",
      "properties": {
        "@id": "node/8851571052",
        "highway": "traffic_signals",
        "traffic_signals:direction": "forward"
      },
      "geometry": {
        "type": "Point",
        "coordinates": [
          20.0457154,
          50.0695259
        ]
      },
      "id": "node/8851571052"
    },
    {
      "type": "Feature",
      "properties": {
        "@id": "node/8851571053",
        "highway": "traffic_signals",
        "traffic_signals:direction": "forward"
      },
      "geometry": {
        "type": "Point",
        "coordinates": [
          20.0459177,
          50.0699915
        ]
      },
      "id": "node/8851571053"
    },
    {
      "type": "Feature",
      "properties": {
        "@id": "node/8851571054",
        "highway": "traffic_signals"
      },
      "geometry": {
        "type": "Point",
        "coordinates": [
          20.0460537,
          50.069805
        ]
      },
      "id": "node/8851571054"
    },
    {
      "type": "Feature",
      "properties": {
        "@id": "node/8851571055",
        "highway": "traffic_signals"
      },
      "geometry": {
        "type": "Point",
        "coordinates": [
          20.0455944,
          50.0697121
        ]
      },
      "id": "node/8851571055"
    },
    {
      "type": "Feature",
      "properties": {
        "@id": "node/8851571056",
        "highway": "traffic_signals",
        "traffic_signals:direction": "forward"
      },
      "geometry": {
        "type": "Point",
        "coordinates": [
          20.0421705,
          50.0706874
        ]
      },
      "id": "node/8851571056"
    },
    {
      "type": "Feature",
      "properties": {
        "@id": "node/8851571059",
        "highway": "traffic_signals"
      },
      "geometry": {
        "type": "Point",
        "coordinates": [
          20.0422669,
          50.070486
        ]
      },
      "id": "node/8851571059"
    },
    {
      "type": "Feature",
      "properties": {
        "@id": "node/8851571060",
        "highway": "traffic_signals"
      },
      "geometry": {
        "type": "Point",
        "coordinates": [
          20.0433031,
          50.0703001
        ]
      },
      "id": "node/8851571060"
    },
    {
      "type": "Feature",
      "properties": {
        "@id": "node/8851571061",
        "highway": "traffic_signals"
      },
      "geometry": {
        "type": "Point",
        "coordinates": [
          20.0430899,
          50.0701631
        ]
      },
      "id": "node/8851571061"
    },
    {
      "type": "Feature",
      "properties": {
        "@id": "node/8851571062",
        "highway": "traffic_signals",
        "traffic_signals:direction": "forward"
      },
      "geometry": {
        "type": "Point",
        "coordinates": [
          20.0419608,
          50.0702063
        ]
      },
      "id": "node/8851571062"
    },
    {
      "type": "Feature",
      "properties": {
        "@id": "node/8851571063",
        "highway": "traffic_signals"
      },
      "geometry": {
        "type": "Point",
        "coordinates": [
          20.0418426,
          50.0703889
        ]
      },
      "id": "node/8851571063"
    },
    {
      "type": "Feature",
      "properties": {
        "@id": "node/8851571064",
        "highway": "traffic_signals",
        "traffic_signals:direction": "forward"
      },
      "geometry": {
        "type": "Point",
        "coordinates": [
          20.0314497,
          50.0768969
        ]
      },
      "id": "node/8851571064"
    },
    {
      "type": "Feature",
      "properties": {
        "@id": "node/8851571065",
        "highway": "traffic_signals"
      },
      "geometry": {
        "type": "Point",
        "coordinates": [
          20.0313898,
          50.0766491
        ]
      },
      "id": "node/8851571065"
    },
    {
      "type": "Feature",
      "properties": {
        "@id": "node/8851571066",
        "highway": "traffic_signals"
      },
      "geometry": {
        "type": "Point",
        "coordinates": [
          20.030884,
          50.076796
        ]
      },
      "id": "node/8851571066"
    },
    {
      "type": "Feature",
      "properties": {
        "@id": "node/8851571067",
        "highway": "traffic_signals",
        "traffic_signals:direction": "forward"
      },
      "geometry": {
        "type": "Point",
        "coordinates": [
          20.0307721,
          50.076533
        ]
      },
      "id": "node/8851571067"
    },
    {
      "type": "Feature",
      "properties": {
        "@id": "node/8851571068",
        "highway": "traffic_signals",
        "traffic_signals:direction": "forward"
      },
      "geometry": {
        "type": "Point",
        "coordinates": [
          20.032144,
          50.0823599
        ]
      },
      "id": "node/8851571068"
    },
    {
      "type": "Feature",
      "properties": {
        "@id": "node/8851571074",
        "highway": "traffic_signals",
        "traffic_signals:direction": "forward"
      },
      "geometry": {
        "type": "Point",
        "coordinates": [
          20.0327411,
          50.0819215
        ]
      },
      "id": "node/8851571074"
    },
    {
      "type": "Feature",
      "properties": {
        "@id": "node/8851571075",
        "highway": "traffic_signals"
      },
      "geometry": {
        "type": "Point",
        "coordinates": [
          20.0269882,
          50.0800947
        ]
      },
      "id": "node/8851571075"
    },
    {
      "type": "Feature",
      "properties": {
        "@id": "node/8851571076",
        "highway": "traffic_signals"
      },
      "geometry": {
        "type": "Point",
        "coordinates": [
          20.0281037,
          50.079781
        ]
      },
      "id": "node/8851571076"
    },
    {
      "type": "Feature",
      "properties": {
        "@id": "node/8851571077",
        "highway": "traffic_signals"
      },
      "geometry": {
        "type": "Point",
        "coordinates": [
          20.0280274,
          50.0792426
        ]
      },
      "id": "node/8851571077"
    },
    {
      "type": "Feature",
      "properties": {
        "@id": "node/8851571078",
        "highway": "traffic_signals"
      },
      "geometry": {
        "type": "Point",
        "coordinates": [
          20.0276559,
          50.079199
        ]
      },
      "id": "node/8851571078"
    },
    {
      "type": "Feature",
      "properties": {
        "@id": "node/8851571079",
        "highway": "traffic_signals"
      },
      "geometry": {
        "type": "Point",
        "coordinates": [
          20.0265329,
          50.0793289
        ]
      },
      "id": "node/8851571079"
    },
    {
      "type": "Feature",
      "properties": {
        "@id": "node/8851577063",
        "highway": "traffic_signals"
      },
      "geometry": {
        "type": "Point",
        "coordinates": [
          20.0044286,
          50.0878131
        ]
      },
      "id": "node/8851577063"
    },
    {
      "type": "Feature",
      "properties": {
        "@id": "node/8851577064",
        "highway": "traffic_signals"
      },
      "geometry": {
        "type": "Point",
        "coordinates": [
          20.0040371,
          50.0880752
        ]
      },
      "id": "node/8851577064"
    },
    {
      "type": "Feature",
      "properties": {
        "@id": "node/8851577065",
        "highway": "traffic_signals"
      },
      "geometry": {
        "type": "Point",
        "coordinates": [
          20.004175,
          50.0880234
        ]
      },
      "id": "node/8851577065"
    },
    {
      "type": "Feature",
      "properties": {
        "@id": "node/8851577066",
        "highway": "traffic_signals",
        "traffic_signals:direction": "backward"
      },
      "geometry": {
        "type": "Point",
        "coordinates": [
          20.0007243,
          50.0568067
        ]
      },
      "id": "node/8851577066"
    },
    {
      "type": "Feature",
      "properties": {
        "@id": "node/8851577070",
        "highway": "traffic_signals",
        "traffic_signals:direction": "forward"
      },
      "geometry": {
        "type": "Point",
        "coordinates": [
          19.9897564,
          50.073759
        ]
      },
      "id": "node/8851577070"
    },
    {
      "type": "Feature",
      "properties": {
        "@id": "node/8851577073",
        "highway": "traffic_signals",
        "traffic_signals:direction": "forward"
      },
      "geometry": {
        "type": "Point",
        "coordinates": [
          19.9858615,
          50.0733729
        ]
      },
      "id": "node/8851577073"
    },
    {
      "type": "Feature",
      "properties": {
        "@id": "node/8851577075",
        "highway": "traffic_signals",
        "traffic_signals:direction": "forward"
      },
      "geometry": {
        "type": "Point",
        "coordinates": [
          19.9825802,
          50.0706743
        ]
      },
      "id": "node/8851577075"
    },
    {
      "type": "Feature",
      "properties": {
        "@id": "node/8851577076",
        "highway": "traffic_signals",
        "traffic_signals:direction": "forward"
      },
      "geometry": {
        "type": "Point",
        "coordinates": [
          19.9828903,
          50.0715646
        ]
      },
      "id": "node/8851577076"
    },
    {
      "type": "Feature",
      "properties": {
        "@id": "node/8851577077",
        "highway": "traffic_signals"
      },
      "geometry": {
        "type": "Point",
        "coordinates": [
          19.9837272,
          50.0712532
        ]
      },
      "id": "node/8851577077"
    },
    {
      "type": "Feature",
      "properties": {
        "@id": "node/8851577079",
        "highway": "traffic_signals"
      },
      "geometry": {
        "type": "Point",
        "coordinates": [
          19.9882678,
          50.069031
        ]
      },
      "id": "node/8851577079"
    },
    {
      "type": "Feature",
      "properties": {
        "@id": "node/8901104722",
        "highway": "traffic_signals"
      },
      "geometry": {
        "type": "Point",
        "coordinates": [
          19.9799144,
          50.0754469
        ]
      },
      "id": "node/8901104722"
    },
    {
      "type": "Feature",
      "properties": {
        "@id": "node/8904372455",
        "highway": "traffic_signals",
        "traffic_signals:direction": "forward"
      },
      "geometry": {
        "type": "Point",
        "coordinates": [
          19.9625075,
          50.0850332
        ]
      },
      "id": "node/8904372455"
    },
    {
      "type": "Feature",
      "properties": {
        "@id": "node/8904372456",
        "highway": "traffic_signals",
        "traffic_signals:direction": "forward"
      },
      "geometry": {
        "type": "Point",
        "coordinates": [
          19.962715,
          50.0851437
        ]
      },
      "id": "node/8904372456"
    },
    {
      "type": "Feature",
      "properties": {
        "@id": "node/8934975832",
        "highway": "traffic_signals"
      },
      "geometry": {
        "type": "Point",
        "coordinates": [
          19.8832179,
          50.0124732
        ]
      },
      "id": "node/8934975832"
    },
    {
      "type": "Feature",
      "properties": {
        "@id": "node/8991335266",
        "highway": "traffic_signals",
        "traffic_signals:direction": "backward"
      },
      "geometry": {
        "type": "Point",
        "coordinates": [
          20.0101852,
          50.0914266
        ]
      },
      "id": "node/8991335266"
    },
    {
      "type": "Feature",
      "properties": {
        "@id": "node/8991335267",
        "highway": "traffic_signals",
        "traffic_signals:direction": "forward"
      },
      "geometry": {
        "type": "Point",
        "coordinates": [
          20.0103063,
          50.0914973
        ]
      },
      "id": "node/8991335267"
    },
    {
      "type": "Feature",
      "properties": {
        "@id": "node/8992996160",
        "highway": "traffic_signals"
      },
      "geometry": {
        "type": "Point",
        "coordinates": [
          20.0173118,
          50.0739766
        ]
      },
      "id": "node/8992996160"
    },
    {
      "type": "Feature",
      "properties": {
        "@id": "node/8992996161",
        "highway": "traffic_signals"
      },
      "geometry": {
        "type": "Point",
        "coordinates": [
          20.0176703,
          50.0729851
        ]
      },
      "id": "node/8992996161"
    },
    {
      "type": "Feature",
      "properties": {
        "@id": "node/8992996162",
        "highway": "traffic_signals"
      },
      "geometry": {
        "type": "Point",
        "coordinates": [
          20.0178274,
          50.0729887
        ]
      },
      "id": "node/8992996162"
    },
    {
      "type": "Feature",
      "properties": {
        "@id": "node/8992996163",
        "highway": "traffic_signals"
      },
      "geometry": {
        "type": "Point",
        "coordinates": [
          20.0183261,
          50.0736701
        ]
      },
      "id": "node/8992996163"
    },
    {
      "type": "Feature",
      "properties": {
        "@id": "node/8993007965",
        "highway": "traffic_signals"
      },
      "geometry": {
        "type": "Point",
        "coordinates": [
          20.016709,
          50.0732598
        ]
      },
      "id": "node/8993007965"
    },
    {
      "type": "Feature",
      "properties": {
        "@id": "node/8993007966",
        "highway": "traffic_signals",
        "traffic_signals:direction": "forward"
      },
      "geometry": {
        "type": "Point",
        "coordinates": [
          20.0171947,
          50.0731505
        ]
      },
      "id": "node/8993007966"
    },
    {
      "type": "Feature",
      "properties": {
        "@id": "node/8999407239",
        "highway": "traffic_signals",
        "traffic_signals": "signal",
        "traffic_signals:direction": "forward"
      },
      "geometry": {
        "type": "Point",
        "coordinates": [
          19.9045801,
          50.0493094
        ]
      },
      "id": "node/8999407239"
    },
    {
      "type": "Feature",
      "properties": {
        "@id": "node/8999691299",
        "highway": "traffic_signals",
        "traffic_signals:direction": "forward"
      },
      "geometry": {
        "type": "Point",
        "coordinates": [
          19.9994781,
          50.0944283
        ]
      },
      "id": "node/8999691299"
    },
    {
      "type": "Feature",
      "properties": {
        "@id": "node/9017050329",
        "highway": "traffic_signals"
      },
      "geometry": {
        "type": "Point",
        "coordinates": [
          19.9659095,
          50.0733895
        ]
      },
      "id": "node/9017050329"
    },
    {
      "type": "Feature",
      "properties": {
        "@id": "node/9017050330",
        "highway": "traffic_signals"
      },
      "geometry": {
        "type": "Point",
        "coordinates": [
          19.9757449,
          50.0598533
        ]
      },
      "id": "node/9017050330"
    },
    {
      "type": "Feature",
      "properties": {
        "@id": "node/9017050331",
        "highway": "traffic_signals"
      },
      "geometry": {
        "type": "Point",
        "coordinates": [
          19.9808026,
          50.07246
        ]
      },
      "id": "node/9017050331"
    },
    {
      "type": "Feature",
      "properties": {
        "@id": "node/9017098350",
        "highway": "traffic_signals"
      },
      "geometry": {
        "type": "Point",
        "coordinates": [
          19.9523905,
          50.0832423
        ]
      },
      "id": "node/9017098350"
    },
    {
      "type": "Feature",
      "properties": {
        "@id": "node/9017098351",
        "highway": "traffic_signals"
      },
      "geometry": {
        "type": "Point",
        "coordinates": [
          19.9526324,
          50.0829034
        ]
      },
      "id": "node/9017098351"
    },
    {
      "type": "Feature",
      "properties": {
        "@id": "node/9017098352",
        "highway": "traffic_signals"
      },
      "geometry": {
        "type": "Point",
        "coordinates": [
          19.9519968,
          50.0831406
        ]
      },
      "id": "node/9017098352"
    },
    {
      "type": "Feature",
      "properties": {
        "@id": "node/9017098353",
        "highway": "traffic_signals",
        "traffic_signals:direction": "backward"
      },
      "geometry": {
        "type": "Point",
        "coordinates": [
          19.9534883,
          50.0851509
        ]
      },
      "id": "node/9017098353"
    },
    {
      "type": "Feature",
      "properties": {
        "@id": "node/9017098354",
        "highway": "traffic_signals"
      },
      "geometry": {
        "type": "Point",
        "coordinates": [
          19.9538353,
          50.0852129
        ]
      },
      "id": "node/9017098354"
    },
    {
      "type": "Feature",
      "properties": {
        "@id": "node/9017098355",
        "highway": "traffic_signals"
      },
      "geometry": {
        "type": "Point",
        "coordinates": [
          19.9552147,
          50.0862359
        ]
      },
      "id": "node/9017098355"
    },
    {
      "type": "Feature",
      "properties": {
        "@id": "node/9017098356",
        "highway": "traffic_signals"
      },
      "geometry": {
        "type": "Point",
        "coordinates": [
          19.9551285,
          50.0861646
        ]
      },
      "id": "node/9017098356"
    },
    {
      "type": "Feature",
      "properties": {
        "@id": "node/9017131472",
        "highway": "traffic_signals"
      },
      "geometry": {
        "type": "Point",
        "coordinates": [
          19.919365,
          50.0301693
        ]
      },
      "id": "node/9017131472"
    },
    {
      "type": "Feature",
      "properties": {
        "@id": "node/9025611170",
        "highway": "traffic_signals"
      },
      "geometry": {
        "type": "Point",
        "coordinates": [
          19.9703684,
          50.0602458
        ]
      },
      "id": "node/9025611170"
    },
    {
      "type": "Feature",
      "properties": {
        "@id": "node/9025611171",
        "highway": "traffic_signals"
      },
      "geometry": {
        "type": "Point",
        "coordinates": [
          19.9710011,
          50.0604763
        ]
      },
      "id": "node/9025611171"
    },
    {
      "type": "Feature",
      "properties": {
        "@id": "node/9025611172",
        "highway": "traffic_signals",
        "traffic_signals:direction": "backward"
      },
      "geometry": {
        "type": "Point",
        "coordinates": [
          19.970602,
          50.0607698
        ]
      },
      "id": "node/9025611172"
    },
    {
      "type": "Feature",
      "properties": {
        "@id": "node/9040509266",
        "highway": "traffic_signals"
      },
      "geometry": {
        "type": "Point",
        "coordinates": [
          20.0516815,
          50.0760338
        ]
      },
      "id": "node/9040509266"
    },
    {
      "type": "Feature",
      "properties": {
        "@id": "node/9130493776",
        "highway": "traffic_signals",
        "traffic_signals": "signal",
        "traffic_signals:direction": "forward"
      },
      "geometry": {
        "type": "Point",
        "coordinates": [
          20.0581033,
          50.0675875
        ]
      },
      "id": "node/9130493776"
    },
    {
      "type": "Feature",
      "properties": {
        "@id": "node/9157597806",
        "highway": "traffic_signals"
      },
      "geometry": {
        "type": "Point",
        "coordinates": [
          19.915025,
          50.0278142
        ]
      },
      "id": "node/9157597806"
    },
    {
      "type": "Feature",
      "properties": {
        "@id": "node/9157597807",
        "highway": "traffic_signals"
      },
      "geometry": {
        "type": "Point",
        "coordinates": [
          19.9143527,
          50.0278234
        ]
      },
      "id": "node/9157597807"
    },
    {
      "type": "Feature",
      "properties": {
        "@id": "node/9160200461",
        "highway": "traffic_signals"
      },
      "geometry": {
        "type": "Point",
        "coordinates": [
          19.9150687,
          50.028203
        ]
      },
      "id": "node/9160200461"
    },
    {
      "type": "Feature",
      "properties": {
        "@id": "node/9160200462",
        "highway": "traffic_signals"
      },
      "geometry": {
        "type": "Point",
        "coordinates": [
          19.9144106,
          50.0282205
        ]
      },
      "id": "node/9160200462"
    },
    {
      "type": "Feature",
      "properties": {
        "@id": "node/9212606731",
        "highway": "traffic_signals",
        "traffic_signals:direction": "forward"
      },
      "geometry": {
        "type": "Point",
        "coordinates": [
          20.0376981,
          50.0712284
        ]
      },
      "id": "node/9212606731"
    },
    {
      "type": "Feature",
      "properties": {
        "@id": "node/9215885993",
        "highway": "traffic_signals",
        "traffic_signals": "signal"
      },
      "geometry": {
        "type": "Point",
        "coordinates": [
          19.9192708,
          50.0244041
        ]
      },
      "id": "node/9215885993"
    },
    {
      "type": "Feature",
      "properties": {
        "@id": "node/9377014043",
        "highway": "traffic_signals",
        "traffic_signals": "signal"
      },
      "geometry": {
        "type": "Point",
        "coordinates": [
          19.9222424,
          50.0018746
        ]
      },
      "id": "node/9377014043"
    },
    {
      "type": "Feature",
      "properties": {
        "@id": "node/9377014044",
        "highway": "traffic_signals",
        "traffic_signals": "signal",
        "traffic_signals:direction": "forward"
      },
      "geometry": {
        "type": "Point",
        "coordinates": [
          19.9219731,
          50.0020359
        ]
      },
      "id": "node/9377014044"
    },
    {
      "type": "Feature",
      "properties": {
        "@id": "node/9377014045",
        "highway": "traffic_signals",
        "traffic_signals": "signal"
      },
      "geometry": {
        "type": "Point",
        "coordinates": [
          19.922286,
          50.002182
        ]
      },
      "id": "node/9377014045"
    },
    {
      "type": "Feature",
      "properties": {
        "@id": "node/9540471797",
        "highway": "traffic_signals",
        "traffic_signals": "signal"
      },
      "geometry": {
        "type": "Point",
        "coordinates": [
          19.9344471,
          50.0298117
        ]
      },
      "id": "node/9540471797"
    },
    {
      "type": "Feature",
      "properties": {
        "@id": "node/9540471798",
        "highway": "traffic_signals",
        "traffic_signals": "signal"
      },
      "geometry": {
        "type": "Point",
        "coordinates": [
          19.9360758,
          50.0292113
        ]
      },
      "id": "node/9540471798"
    },
    {
      "type": "Feature",
      "properties": {
        "@id": "node/9540471799",
        "highway": "traffic_signals",
        "traffic_signals": "signal"
      },
      "geometry": {
        "type": "Point",
        "coordinates": [
          19.9370477,
          50.0290802
        ]
      },
      "id": "node/9540471799"
    },
    {
      "type": "Feature",
      "properties": {
        "@id": "node/9540471800",
        "highway": "traffic_signals",
        "traffic_signals": "signal"
      },
      "geometry": {
        "type": "Point",
        "coordinates": [
          19.9366382,
          50.0294033
        ]
      },
      "id": "node/9540471800"
    },
    {
      "type": "Feature",
      "properties": {
        "@id": "node/9540471801",
        "highway": "traffic_signals",
        "traffic_signals": "signal"
      },
      "geometry": {
        "type": "Point",
        "coordinates": [
          19.9365354,
          50.0288545
        ]
      },
      "id": "node/9540471801"
    },
    {
      "type": "Feature",
      "properties": {
        "@id": "node/9543532884",
        "highway": "traffic_signals"
      },
      "geometry": {
        "type": "Point",
        "coordinates": [
          20.0114328,
          50.009019
        ]
      },
      "id": "node/9543532884"
    },
    {
      "type": "Feature",
      "properties": {
        "@id": "node/9543532890",
        "highway": "traffic_signals"
      },
      "geometry": {
        "type": "Point",
        "coordinates": [
          20.0110002,
          50.0088074
        ]
      },
      "id": "node/9543532890"
    },
    {
      "type": "Feature",
      "properties": {
        "@id": "node/9674993407",
        "highway": "traffic_signals",
        "traffic_signals:direction": "backward"
      },
      "geometry": {
        "type": "Point",
        "coordinates": [
          20.0180985,
          50.095589
        ]
      },
      "id": "node/9674993407"
    },
    {
      "type": "Feature",
      "properties": {
        "@id": "node/9674993412",
        "highway": "traffic_signals",
        "traffic_signals:direction": "backward"
      },
      "geometry": {
        "type": "Point",
        "coordinates": [
          20.0179058,
          50.0953923
        ]
      },
      "id": "node/9674993412"
    },
    {
      "type": "Feature",
      "properties": {
        "@id": "node/9675022218",
        "highway": "traffic_signals",
        "traffic_signals:direction": "forward"
      },
      "geometry": {
        "type": "Point",
        "coordinates": [
          20.0184557,
          50.0954427
        ]
      },
      "id": "node/9675022218"
    },
    {
      "type": "Feature",
      "properties": {
        "@id": "node/9675799230",
        "highway": "traffic_signals",
        "traffic_signals:direction": "forward"
      },
      "geometry": {
        "type": "Point",
        "coordinates": [
          19.9776948,
          50.0210573
        ]
      },
      "id": "node/9675799230"
    },
    {
      "type": "Feature",
      "properties": {
        "@id": "node/9675799232",
        "highway": "traffic_signals",
        "traffic_signals:direction": "forward"
      },
      "geometry": {
        "type": "Point",
        "coordinates": [
          19.9772096,
          50.0214161
        ]
      },
      "id": "node/9675799232"
    },
    {
      "type": "Feature",
      "properties": {
        "@id": "node/9675799234",
        "highway": "traffic_signals",
        "traffic_signals:direction": "backward"
      },
      "geometry": {
        "type": "Point",
        "coordinates": [
          19.9778359,
          50.021213
        ]
      },
      "id": "node/9675799234"
    },
    {
      "type": "Feature",
      "properties": {
        "@id": "node/9675799236",
        "highway": "traffic_signals",
        "traffic_signals:direction": "forward"
      },
      "geometry": {
        "type": "Point",
        "coordinates": [
          19.9775529,
          50.0210236
        ]
      },
      "id": "node/9675799236"
    },
    {
      "type": "Feature",
      "properties": {
        "@id": "node/9675821564",
        "highway": "traffic_signals",
        "traffic_signals:direction": "forward"
      },
      "geometry": {
        "type": "Point",
        "coordinates": [
          19.9652483,
          50.014026
        ]
      },
      "id": "node/9675821564"
    },
    {
      "type": "Feature",
      "properties": {
        "@id": "node/9675821566",
        "highway": "traffic_signals",
        "traffic_signals:direction": "backward"
      },
      "geometry": {
        "type": "Point",
        "coordinates": [
          19.9601768,
          50.0205665
        ]
      },
      "id": "node/9675821566"
    },
    {
      "type": "Feature",
      "properties": {
        "@id": "node/9675821567",
        "highway": "traffic_signals",
        "traffic_signals:direction": "forward"
      },
      "geometry": {
        "type": "Point",
        "coordinates": [
          19.96596,
          50.0137229
        ]
      },
      "id": "node/9675821567"
    },
    {
      "type": "Feature",
      "properties": {
        "@id": "node/9675821568",
        "highway": "traffic_signals",
        "traffic_signals:direction": "forward"
      },
      "geometry": {
        "type": "Point",
        "coordinates": [
          19.9658565,
          50.0140568
        ]
      },
      "id": "node/9675821568"
    },
    {
      "type": "Feature",
      "properties": {
        "@id": "node/9675821571",
        "highway": "traffic_signals",
        "traffic_signals:direction": "backward"
      },
      "geometry": {
        "type": "Point",
        "coordinates": [
          19.9604334,
          50.0207169
        ]
      },
      "id": "node/9675821571"
    },
    {
      "type": "Feature",
      "properties": {
        "@id": "node/9675821573",
        "highway": "traffic_signals",
        "traffic_signals:direction": "forward"
      },
      "geometry": {
        "type": "Point",
        "coordinates": [
          19.9649281,
          50.01365
        ]
      },
      "id": "node/9675821573"
    },
    {
      "type": "Feature",
      "properties": {
        "@id": "node/9675821575",
        "highway": "traffic_signals",
        "traffic_signals:direction": "forward"
      },
      "geometry": {
        "type": "Point",
        "coordinates": [
          19.9601903,
          50.0209154
        ]
      },
      "id": "node/9675821575"
    },
    {
      "type": "Feature",
      "properties": {
        "@id": "node/9675834584",
        "highway": "traffic_signals",
        "traffic_signals:direction": "backward"
      },
      "geometry": {
        "type": "Point",
        "coordinates": [
          20.0072749,
          50.0164506
        ]
      },
      "id": "node/9675834584"
    },
    {
      "type": "Feature",
      "properties": {
        "@id": "node/9675834585",
        "highway": "traffic_signals",
        "traffic_signals:direction": "forward"
      },
      "geometry": {
        "type": "Point",
        "coordinates": [
          20.0076544,
          50.0166607
        ]
      },
      "id": "node/9675834585"
    },
    {
      "type": "Feature",
      "properties": {
        "@id": "node/9675834586",
        "highway": "traffic_signals",
        "traffic_signals:direction": "backward"
      },
      "geometry": {
        "type": "Point",
        "coordinates": [
          20.0126482,
          50.0158983
        ]
      },
      "id": "node/9675834586"
    },
    {
      "type": "Feature",
      "properties": {
        "@id": "node/9675834587",
        "highway": "traffic_signals",
        "traffic_signals:direction": "forward"
      },
      "geometry": {
        "type": "Point",
        "coordinates": [
          20.012716,
          50.0163546
        ]
      },
      "id": "node/9675834587"
    },
    {
      "type": "Feature",
      "properties": {
        "@id": "node/9675834589",
        "highway": "traffic_signals",
        "traffic_signals:direction": "backward"
      },
      "geometry": {
        "type": "Point",
        "coordinates": [
          20.0124148,
          50.0160277
        ]
      },
      "id": "node/9675834589"
    },
    {
      "type": "Feature",
      "properties": {
        "@id": "node/9675834591",
        "highway": "traffic_signals",
        "traffic_signals:direction": "forward"
      },
      "geometry": {
        "type": "Point",
        "coordinates": [
          20.0077095,
          50.0163809
        ]
      },
      "id": "node/9675834591"
    },
    {
      "type": "Feature",
      "properties": {
        "@id": "node/9772459717",
        "highway": "traffic_signals"
      },
      "geometry": {
        "type": "Point",
        "coordinates": [
          19.9356974,
          50.0916888
        ]
      },
      "id": "node/9772459717"
    },
    {
      "type": "Feature",
      "properties": {
        "@id": "node/9847846372",
        "highway": "traffic_signals",
        "traffic_signals": "signal"
      },
      "geometry": {
        "type": "Point",
        "coordinates": [
          19.9486636,
          50.0056751
        ]
      },
      "id": "node/9847846372"
    },
    {
      "type": "Feature",
      "properties": {
        "@id": "node/9847846373",
        "highway": "traffic_signals",
        "traffic_signals": "signal",
        "traffic_signals:direction": "backward"
      },
      "geometry": {
        "type": "Point",
        "coordinates": [
          19.9482568,
          50.0054501
        ]
      },
      "id": "node/9847846373"
    },
    {
      "type": "Feature",
      "properties": {
        "@id": "node/9847846374",
        "highway": "traffic_signals",
        "traffic_signals": "signal",
        "traffic_signals:direction": "backward"
      },
      "geometry": {
        "type": "Point",
        "coordinates": [
          19.9483159,
          50.0059047
        ]
      },
      "id": "node/9847846374"
    },
    {
      "type": "Feature",
      "properties": {
        "@id": "node/9847846375",
        "highway": "traffic_signals",
        "traffic_signals": "signal"
      },
      "geometry": {
        "type": "Point",
        "coordinates": [
          19.9479388,
          50.0056432
        ]
      },
      "id": "node/9847846375"
    },
    {
      "type": "Feature",
      "properties": {
        "@id": "node/9851563745",
        "highway": "traffic_signals"
      },
      "geometry": {
        "type": "Point",
        "coordinates": [
          20.0525698,
          50.0379264
        ]
      },
      "id": "node/9851563745"
    },
    {
      "type": "Feature",
      "properties": {
        "@id": "node/9858070893",
        "highway": "traffic_signals",
        "traffic_signals:direction": "forward"
      },
      "geometry": {
        "type": "Point",
        "coordinates": [
          19.9152584,
          50.0446571
        ]
      },
      "id": "node/9858070893"
    },
    {
      "type": "Feature",
      "properties": {
        "@id": "node/9883986498",
        "highway": "traffic_signals"
      },
      "geometry": {
        "type": "Point",
        "coordinates": [
          19.9452125,
          50.0151783
        ]
      },
      "id": "node/9883986498"
    },
    {
      "type": "Feature",
      "properties": {
        "@id": "node/9884035166",
        "highway": "traffic_signals"
      },
      "geometry": {
        "type": "Point",
        "coordinates": [
          19.9452953,
          50.0151256
        ]
      },
      "id": "node/9884035166"
    },
    {
      "type": "Feature",
      "properties": {
        "@id": "node/9884035207",
        "highway": "traffic_signals"
      },
      "geometry": {
        "type": "Point",
        "coordinates": [
          19.9454574,
          50.0145484
        ]
      },
      "id": "node/9884035207"
    },
    {
      "type": "Feature",
      "properties": {
        "@id": "node/9884035211",
        "highway": "traffic_signals"
      },
      "geometry": {
        "type": "Point",
        "coordinates": [
          19.9455619,
          50.0145128
        ]
      },
      "id": "node/9884035211"
    },
    {
      "type": "Feature",
      "properties": {
        "@id": "node/9895447073",
        "highway": "traffic_signals",
        "traffic_signals": "signal"
      },
      "geometry": {
        "type": "Point",
        "coordinates": [
          19.919724,
          50.0248024
        ]
      },
      "id": "node/9895447073"
    },
    {
      "type": "Feature",
      "properties": {
        "@id": "node/9969234967",
        "highway": "traffic_signals"
      },
      "geometry": {
        "type": "Point",
        "coordinates": [
          20.0501237,
          50.0690713
        ]
      },
      "id": "node/9969234967"
    },
    {
      "type": "Feature",
      "properties": {
        "@id": "node/9969234968",
        "highway": "traffic_signals",
        "traffic_signals:direction": "forward"
      },
      "geometry": {
        "type": "Point",
        "coordinates": [
          20.0499561,
          50.0692628
        ]
      },
      "id": "node/9969234968"
    },
    {
      "type": "Feature",
      "properties": {
        "@id": "node/9969234969",
        "highway": "traffic_signals",
        "traffic_signals:direction": "backward"
      },
      "geometry": {
        "type": "Point",
        "coordinates": [
          20.0497612,
          50.0688093
        ]
      },
      "id": "node/9969234969"
    },
    {
      "type": "Feature",
      "properties": {
        "@id": "node/9969234970",
        "highway": "traffic_signals"
      },
      "geometry": {
        "type": "Point",
        "coordinates": [
          20.0495952,
          50.0689928
        ]
      },
      "id": "node/9969234970"
    },
    {
      "type": "Feature",
      "properties": {
        "@id": "node/9983232484",
        "highway": "traffic_signals",
        "traffic_signals": "signal"
      },
      "geometry": {
        "type": "Point",
        "coordinates": [
          19.9324193,
          50.0214635
        ]
      },
      "id": "node/9983232484"
    },
    {
      "type": "Feature",
      "properties": {
        "@id": "node/9990351724",
        "highway": "traffic_signals"
      },
      "geometry": {
        "type": "Point",
        "coordinates": [
          19.8895013,
          50.0173048
        ]
      },
      "id": "node/9990351724"
    },
    {
      "type": "Feature",
      "properties": {
        "@id": "node/9992541195",
        "highway": "traffic_signals"
      },
      "geometry": {
        "type": "Point",
        "coordinates": [
          19.8836392,
          50.0126379
        ]
      },
      "id": "node/9992541195"
    },
    {
      "type": "Feature",
      "properties": {
        "@id": "node/9993814269",
        "highway": "traffic_signals"
      },
      "geometry": {
        "type": "Point",
        "coordinates": [
          19.934811,
          50.0294808
        ]
      },
      "id": "node/9993814269"
    },
    {
      "type": "Feature",
      "properties": {
        "@id": "node/10000238302",
        "highway": "traffic_signals",
        "traffic_signals": "signal"
      },
      "geometry": {
        "type": "Point",
        "coordinates": [
          19.9318146,
          50.0210681
        ]
      },
      "id": "node/10000238302"
    },
    {
      "type": "Feature",
      "properties": {
        "@id": "node/10000238303",
        "highway": "traffic_signals",
        "traffic_signals": "signal"
      },
      "geometry": {
        "type": "Point",
        "coordinates": [
          19.9322135,
          50.0206025
        ]
      },
      "id": "node/10000238303"
    },
    {
      "type": "Feature",
      "properties": {
        "@id": "node/10000253841",
        "highway": "traffic_signals",
        "traffic_signals": "signal"
      },
      "geometry": {
        "type": "Point",
        "coordinates": [
          19.9447718,
          50.0148397
        ]
      },
      "id": "node/10000253841"
    },
    {
      "type": "Feature",
      "properties": {
        "@id": "node/10011795156",
        "highway": "traffic_signals"
      },
      "geometry": {
        "type": "Point",
        "coordinates": [
          19.9306383,
          50.091741
        ]
      },
      "id": "node/10011795156"
    },
    {
      "type": "Feature",
      "properties": {
        "@id": "node/10011795157",
        "highway": "traffic_signals"
      },
      "geometry": {
        "type": "Point",
        "coordinates": [
          19.9317976,
          50.0915542
        ]
      },
      "id": "node/10011795157"
    },
    {
      "type": "Feature",
      "properties": {
        "@id": "node/10011795158",
        "highway": "traffic_signals"
      },
      "geometry": {
        "type": "Point",
        "coordinates": [
          19.9317104,
          50.0910422
        ]
      },
      "id": "node/10011795158"
    },
    {
      "type": "Feature",
      "properties": {
        "@id": "node/10011795159",
        "highway": "traffic_signals"
      },
      "geometry": {
        "type": "Point",
        "coordinates": [
          19.9306276,
          50.0911642
        ]
      },
      "id": "node/10011795159"
    },
    {
      "type": "Feature",
      "properties": {
        "@id": "node/10090548602",
        "highway": "traffic_signals",
        "traffic_signals:direction": "forward"
      },
      "geometry": {
        "type": "Point",
        "coordinates": [
          20.0046608,
          50.0671721
        ]
      },
      "id": "node/10090548602"
    },
    {
      "type": "Feature",
      "properties": {
        "@id": "node/10090548603",
        "highway": "traffic_signals",
        "traffic_signals:direction": "forward"
      },
      "geometry": {
        "type": "Point",
        "coordinates": [
          20.0042178,
          50.0673006
        ]
      },
      "id": "node/10090548603"
    },
    {
      "type": "Feature",
      "properties": {
        "@id": "node/10090548607",
        "highway": "traffic_signals",
        "traffic_signals:direction": "forward"
      },
      "geometry": {
        "type": "Point",
        "coordinates": [
          20.0039348,
          50.0669762
        ]
      },
      "id": "node/10090548607"
    },
    {
      "type": "Feature",
      "properties": {
        "@id": "node/10171224940",
        "highway": "traffic_signals"
      },
      "geometry": {
        "type": "Point",
        "coordinates": [
          19.937842,
          50.0736751
        ]
      },
      "id": "node/10171224940"
    },
    {
      "type": "Feature",
      "properties": {
        "@id": "node/10233024725",
        "highway": "traffic_signals",
        "traffic_signals": "blinker"
      },
      "geometry": {
        "type": "Point",
        "coordinates": [
          19.9071549,
          50.0619497
        ]
      },
      "id": "node/10233024725"
    },
    {
      "type": "Feature",
      "properties": {
        "@id": "node/10296062054",
        "highway": "traffic_signals",
        "traffic_signals:direction": "forward"
      },
      "geometry": {
        "type": "Point",
        "coordinates": [
          19.9555344,
          50.0873997
        ]
      },
      "id": "node/10296062054"
    },
    {
      "type": "Feature",
      "properties": {
        "@id": "node/10680282336",
        "highway": "traffic_signals"
      },
      "geometry": {
        "type": "Point",
        "coordinates": [
          19.9400106,
          50.0358012
        ]
      },
      "id": "node/10680282336"
    },
    {
      "type": "Feature",
      "properties": {
        "@id": "node/10757365410",
        "highway": "traffic_signals",
        "traffic_signals": "signal",
        "traffic_signals:direction": "forward"
      },
      "geometry": {
        "type": "Point",
        "coordinates": [
          20.0594202,
          50.0673929
        ]
      },
      "id": "node/10757365410"
    },
    {
      "type": "Feature",
      "properties": {
        "@id": "node/10757365411",
        "highway": "traffic_signals",
        "traffic_signals": "signal",
        "traffic_signals:direction": "forward"
      },
      "geometry": {
        "type": "Point",
        "coordinates": [
          20.059605,
          50.0675942
        ]
      },
      "id": "node/10757365411"
    },
    {
      "type": "Feature",
      "properties": {
        "@id": "node/10757386635",
        "highway": "traffic_signals",
        "traffic_signals:direction": "forward"
      },
      "geometry": {
        "type": "Point",
        "coordinates": [
          20.0613433,
          50.0675047
        ]
      },
      "id": "node/10757386635"
    },
    {
      "type": "Feature",
      "properties": {
        "@id": "node/10758384297",
        "highway": "traffic_signals",
        "traffic_signals": "blinker",
        "traffic_signals:direction": "forward"
      },
      "geometry": {
        "type": "Point",
        "coordinates": [
          20.0614548,
          50.0674851
        ]
      },
      "id": "node/10758384297"
    },
    {
      "type": "Feature",
      "properties": {
        "@id": "node/10758384298",
        "highway": "traffic_signals",
        "traffic_signals": "signal",
        "traffic_signals:direction": "forward"
      },
      "geometry": {
        "type": "Point",
        "coordinates": [
          20.0615549,
          50.0675432
        ]
      },
      "id": "node/10758384298"
    },
    {
      "type": "Feature",
      "properties": {
        "@id": "node/10758400925",
        "highway": "traffic_signals",
        "traffic_signals": "signal",
        "traffic_signals:direction": "forward"
      },
      "geometry": {
        "type": "Point",
        "coordinates": [
          20.0581625,
          50.0676321
        ]
      },
      "id": "node/10758400925"
    },
    {
      "type": "Feature",
      "properties": {
        "@id": "node/10781475918",
        "highway": "traffic_signals"
      },
      "geometry": {
        "type": "Point",
        "coordinates": [
          20.0920612,
          50.0688592
        ]
      },
      "id": "node/10781475918"
    },
    {
      "type": "Feature",
      "properties": {
        "@id": "node/10781476041",
        "highway": "traffic_signals"
      },
      "geometry": {
        "type": "Point",
        "coordinates": [
          20.0818594,
          50.0644056
        ]
      },
      "id": "node/10781476041"
    },
    {
      "type": "Feature",
      "properties": {
        "@id": "node/10781476042",
        "highway": "traffic_signals"
      },
      "geometry": {
        "type": "Point",
        "coordinates": [
          20.0813321,
          50.0642915
        ]
      },
      "id": "node/10781476042"
    },
    {
      "type": "Feature",
      "properties": {
        "@id": "node/10781476043",
        "highway": "traffic_signals",
        "traffic_signals:direction": "backward"
      },
      "geometry": {
        "type": "Point",
        "coordinates": [
          20.0816321,
          50.0641954
        ]
      },
      "id": "node/10781476043"
    },
    {
      "type": "Feature",
      "properties": {
        "@id": "node/10828969829",
        "highway": "traffic_signals",
        "traffic_signals:direction": "backward"
      },
      "geometry": {
        "type": "Point",
        "coordinates": [
          20.0270522,
          50.0377434
        ]
      },
      "id": "node/10828969829"
    },
    {
      "type": "Feature",
      "properties": {
        "@id": "node/10830845415",
        "highway": "traffic_signals",
        "traffic_signals": "signal",
        "traffic_signals:direction": "backward"
      },
      "geometry": {
        "type": "Point",
        "coordinates": [
          20.1076414,
          50.0720614
        ]
      },
      "id": "node/10830845415"
    },
    {
      "type": "Feature",
      "properties": {
        "@id": "node/11007607716",
        "highway": "traffic_signals"
      },
      "geometry": {
        "type": "Point",
        "coordinates": [
          20.0040231,
          50.0741598
        ]
      },
      "id": "node/11007607716"
    },
    {
      "type": "Feature",
      "properties": {
        "@id": "node/11007607759",
        "highway": "traffic_signals"
      },
      "geometry": {
        "type": "Point",
        "coordinates": [
          20.0030769,
          50.0743021
        ]
      },
      "id": "node/11007607759"
    },
    {
      "type": "Feature",
      "properties": {
        "@id": "node/11015019909",
        "highway": "traffic_signals"
      },
      "geometry": {
        "type": "Point",
        "coordinates": [
          20.0057761,
          50.0936654
        ]
      },
      "id": "node/11015019909"
    },
    {
      "type": "Feature",
      "properties": {
        "@id": "node/11015019910",
        "highway": "traffic_signals"
      },
      "geometry": {
        "type": "Point",
        "coordinates": [
          20.0056578,
          50.0936195
        ]
      },
      "id": "node/11015019910"
    },
    {
      "type": "Feature",
      "properties": {
        "@id": "node/11022282043",
        "highway": "traffic_signals"
      },
      "geometry": {
        "type": "Point",
        "coordinates": [
          19.9877864,
          50.0891424
        ]
      },
      "id": "node/11022282043"
    },
    {
      "type": "Feature",
      "properties": {
        "@id": "node/11022392501",
        "highway": "traffic_signals",
        "traffic_signals:direction": "forward"
      },
      "geometry": {
        "type": "Point",
        "coordinates": [
          20.0060075,
          50.0916231
        ]
      },
      "id": "node/11022392501"
    },
    {
      "type": "Feature",
      "properties": {
        "@id": "node/11022392502",
        "highway": "traffic_signals",
        "traffic_signals:direction": "forward"
      },
      "geometry": {
        "type": "Point",
        "coordinates": [
          20.0057468,
          50.0913208
        ]
      },
      "id": "node/11022392502"
    },
    {
      "type": "Feature",
      "properties": {
        "@id": "node/11022392531",
        "highway": "traffic_signals",
        "traffic_signals:direction": "forward"
      },
      "geometry": {
        "type": "Point",
        "coordinates": [
          20.0061037,
          50.091377
        ]
      },
      "id": "node/11022392531"
    },
    {
      "type": "Feature",
      "properties": {
        "@id": "node/11032982524",
        "highway": "traffic_signals",
        "traffic_signals": "signal",
        "traffic_signals:direction": "forward"
      },
      "geometry": {
        "type": "Point",
        "coordinates": [
          20.0642471,
          50.0370247
        ]
      },
      "id": "node/11032982524"
    },
    {
      "type": "Feature",
      "properties": {
        "@id": "node/11032982526",
        "highway": "traffic_signals",
        "traffic_signals": "signal",
        "traffic_signals:direction": "forward"
      },
      "geometry": {
        "type": "Point",
        "coordinates": [
          20.063316,
          50.0372052
        ]
      },
      "id": "node/11032982526"
    },
    {
      "type": "Feature",
      "properties": {
        "@id": "node/11032982527",
        "highway": "traffic_signals",
        "traffic_signals": "signal",
        "traffic_signals:direction": "forward"
      },
      "geometry": {
        "type": "Point",
        "coordinates": [
          20.0645381,
          50.0372852
        ]
      },
      "id": "node/11032982527"
    },
    {
      "type": "Feature",
      "properties": {
        "@id": "node/11043769298",
        "highway": "traffic_signals",
        "noexit": "yes"
      },
      "geometry": {
        "type": "Point",
        "coordinates": [
          19.9605785,
          50.0919453
        ]
      },
      "id": "node/11043769298"
    },
    {
      "type": "Feature",
      "properties": {
        "@id": "node/11052644564",
        "highway": "traffic_signals"
      },
      "geometry": {
        "type": "Point",
        "coordinates": [
          19.9701408,
          50.0332019
        ]
      },
      "id": "node/11052644564"
    },
    {
      "type": "Feature",
      "properties": {
        "@id": "node/11052644565",
        "highway": "traffic_signals",
        "traffic_signals:direction": "forward"
      },
      "geometry": {
        "type": "Point",
        "coordinates": [
          19.9708621,
          50.0332087
        ]
      },
      "id": "node/11052644565"
    },
    {
      "type": "Feature",
      "properties": {
        "@id": "node/11052644566",
        "highway": "traffic_signals"
      },
      "geometry": {
        "type": "Point",
        "coordinates": [
          19.9706368,
          50.0329235
        ]
      },
      "id": "node/11052644566"
    },
    {
      "type": "Feature",
      "properties": {
        "@id": "node/11052644567",
        "highway": "traffic_signals",
        "traffic_signals": "traffic_lights",
        "traffic_signals:direction": "forward"
      },
      "geometry": {
        "type": "Point",
        "coordinates": [
          19.9701398,
          50.0329291
        ]
      },
      "id": "node/11052644567"
    },
    {
      "type": "Feature",
      "properties": {
        "@id": "node/11086732334",
        "highway": "traffic_signals",
        "traffic_signals:direction": "backward"
      },
      "geometry": {
        "type": "Point",
        "coordinates": [
          19.841612,
          50.0420249
        ]
      },
      "id": "node/11086732334"
    },
    {
      "type": "Feature",
      "properties": {
        "@id": "node/11086732335",
        "highway": "traffic_signals",
        "traffic_signals:direction": "forward"
      },
      "geometry": {
        "type": "Point",
        "coordinates": [
          19.8417019,
          50.0420758
        ]
      },
      "id": "node/11086732335"
    },
    {
      "type": "Feature",
      "properties": {
        "@id": "node/11088727042",
        "highway": "traffic_signals",
        "traffic_signals:direction": "backward"
      },
      "geometry": {
        "type": "Point",
        "coordinates": [
          20.0045034,
          50.0117098
        ]
      },
      "id": "node/11088727042"
    },
    {
      "type": "Feature",
      "properties": {
        "@id": "node/11107502822",
        "highway": "traffic_signals"
      },
      "geometry": {
        "type": "Point",
        "coordinates": [
          19.9596545,
          50.0683039
        ]
      },
      "id": "node/11107502822"
    },
    {
      "type": "Feature",
      "properties": {
        "@id": "node/11107502823",
        "highway": "traffic_signals"
      },
      "geometry": {
        "type": "Point",
        "coordinates": [
          19.9592172,
          50.0684035
        ]
      },
      "id": "node/11107502823"
    },
    {
      "type": "Feature",
      "properties": {
        "@id": "node/11110602466",
        "highway": "traffic_signals"
      },
      "geometry": {
        "type": "Point",
        "coordinates": [
          19.9330952,
          50.0839048
        ]
      },
      "id": "node/11110602466"
    },
    {
      "type": "Feature",
      "properties": {
        "@id": "node/11163569690",
        "highway": "traffic_signals",
        "traffic_signals": "signal",
        "traffic_signals:direction": "forward"
      },
      "geometry": {
        "type": "Point",
        "coordinates": [
          20.0419069,
          50.0862955
        ]
      },
      "id": "node/11163569690"
    },
    {
      "type": "Feature",
      "properties": {
        "@id": "node/11175250879",
        "highway": "traffic_signals",
        "traffic_signals": "signal",
        "traffic_signals:direction": "forward"
      },
      "geometry": {
        "type": "Point",
        "coordinates": [
          20.1331624,
          50.0891925
        ]
      },
      "id": "node/11175250879"
    },
    {
      "type": "Feature",
      "properties": {
        "@id": "node/11175415344",
        "direction": "backward",
        "highway": "traffic_signals",
        "traffic_signals": "signal"
      },
      "geometry": {
        "type": "Point",
        "coordinates": [
          20.0919452,
          50.0693207
        ]
      },
      "id": "node/11175415344"
    },
    {
      "type": "Feature",
      "properties": {
        "@id": "node/11175415345",
        "direction": "forward",
        "highway": "traffic_signals",
        "traffic_signals": "signal"
      },
      "geometry": {
        "type": "Point",
        "coordinates": [
          20.09179,
          50.069356
        ]
      },
      "id": "node/11175415345"
    },
    {
      "type": "Feature",
      "properties": {
        "@id": "node/11175415346",
        "highway": "traffic_signals",
        "traffic_signals": "signal",
        "traffic_signals:direction": "backward"
      },
      "geometry": {
        "type": "Point",
        "coordinates": [
          20.0951064,
          50.0699584
        ]
      },
      "id": "node/11175415346"
    },
    {
      "type": "Feature",
      "properties": {
        "@id": "node/11175415347",
        "highway": "traffic_signals",
        "traffic_signals": "signal"
      },
      "geometry": {
        "type": "Point",
        "coordinates": [
          20.0953789,
          50.0697551
        ]
      },
      "id": "node/11175415347"
    },
    {
      "type": "Feature",
      "properties": {
        "@id": "node/11175415348",
        "highway": "traffic_signals",
        "traffic_signals": "signal"
      },
      "geometry": {
        "type": "Point",
        "coordinates": [
          20.0948856,
          50.0696276
        ]
      },
      "id": "node/11175415348"
    },
    {
      "type": "Feature",
      "properties": {
        "@id": "node/11175415353",
        "highway": "traffic_signals",
        "traffic_signals": "signal"
      },
      "geometry": {
        "type": "Point",
        "coordinates": [
          20.1006284,
          50.0705116
        ]
      },
      "id": "node/11175415353"
    },
    {
      "type": "Feature",
      "properties": {
        "@id": "node/11175415354",
        "highway": "traffic_signals",
        "traffic_signals": "signal"
      },
      "geometry": {
        "type": "Point",
        "coordinates": [
          20.1001602,
          50.0702436
        ]
      },
      "id": "node/11175415354"
    },
    {
      "type": "Feature",
      "properties": {
        "@id": "node/11175415355",
        "highway": "traffic_signals",
        "traffic_signals": "traffic_lights",
        "traffic_signals:direction": "forward"
      },
      "geometry": {
        "type": "Point",
        "coordinates": [
          20.100519,
          50.070181
        ]
      },
      "id": "node/11175415355"
    },
    {
      "type": "Feature",
      "properties": {
        "@id": "node/11175415375",
        "highway": "traffic_signals",
        "traffic_signals": "signal"
      },
      "geometry": {
        "type": "Point",
        "coordinates": [
          20.1042887,
          50.0716293
        ]
      },
      "id": "node/11175415375"
    },
    {
      "type": "Feature",
      "properties": {
        "@id": "node/11175415376",
        "highway": "traffic_signals",
        "traffic_signals": "signal"
      },
      "geometry": {
        "type": "Point",
        "coordinates": [
          20.1043697,
          50.0717465
        ]
      },
      "id": "node/11175415376"
    },
    {
      "type": "Feature",
      "properties": {
        "@id": "node/11175415380",
        "highway": "traffic_signals",
        "traffic_signals": "signal"
      },
      "geometry": {
        "type": "Point",
        "coordinates": [
          20.1073101,
          50.0722127
        ]
      },
      "id": "node/11175415380"
    },
    {
      "type": "Feature",
      "properties": {
        "@id": "node/11175415381",
        "highway": "traffic_signals",
        "traffic_signals": "signal"
      },
      "geometry": {
        "type": "Point",
        "coordinates": [
          20.1079143,
          50.0723708
        ]
      },
      "id": "node/11175415381"
    },
    {
      "type": "Feature",
      "properties": {
        "@id": "node/11175415382",
        "highway": "traffic_signals",
        "traffic_signals": "signal",
        "traffic_signals:direction": "backward"
      },
      "geometry": {
        "type": "Point",
        "coordinates": [
          20.1075117,
          50.0726001
        ]
      },
      "id": "node/11175415382"
    },
    {
      "type": "Feature",
      "properties": {
        "@id": "node/11175465618",
        "highway": "traffic_signals",
        "traffic_signals": "signal"
      },
      "geometry": {
        "type": "Point",
        "coordinates": [
          20.114176,
          50.0723015
        ]
      },
      "id": "node/11175465618"
    },
    {
      "type": "Feature",
      "properties": {
        "@id": "node/11175465619",
        "highway": "traffic_signals",
        "traffic_signals": "signal"
      },
      "geometry": {
        "type": "Point",
        "coordinates": [
          20.1146976,
          50.0724154
        ]
      },
      "id": "node/11175465619"
    },
    {
      "type": "Feature",
      "properties": {
        "@id": "node/11175465620",
        "highway": "traffic_signals",
        "traffic_signals": "signal",
        "traffic_signals:direction": "forward"
      },
      "geometry": {
        "type": "Point",
        "coordinates": [
          20.1144527,
          50.0721464
        ]
      },
      "id": "node/11175465620"
    },
    {
      "type": "Feature",
      "properties": {
        "@id": "node/11175465624",
        "highway": "traffic_signals",
        "traffic_signals": "signal",
        "traffic_signals:direction": "backward"
      },
      "geometry": {
        "type": "Point",
        "coordinates": [
          20.1195588,
          50.0725062
        ]
      },
      "id": "node/11175465624"
    },
    {
      "type": "Feature",
      "properties": {
        "@id": "node/11175465625",
        "highway": "traffic_signals",
        "traffic_signals": "signal"
      },
      "geometry": {
        "type": "Point",
        "coordinates": [
          20.1197281,
          50.0728146
        ]
      },
      "id": "node/11175465625"
    },
    {
      "type": "Feature",
      "properties": {
        "@id": "node/11175465626",
        "highway": "traffic_signals",
        "traffic_signals": "signal"
      },
      "geometry": {
        "type": "Point",
        "coordinates": [
          20.1190755,
          50.0726153
        ]
      },
      "id": "node/11175465626"
    },
    {
      "type": "Feature",
      "properties": {
        "@id": "node/11175475454",
        "highway": "traffic_signals",
        "traffic_signals": "signal",
        "traffic_signals:direction": "backward"
      },
      "geometry": {
        "type": "Point",
        "coordinates": [
          20.1263761,
          50.0737363
        ]
      },
      "id": "node/11175475454"
    },
    {
      "type": "Feature",
      "properties": {
        "@id": "node/11175475455",
        "highway": "traffic_signals",
        "traffic_signals": "signal"
      },
      "geometry": {
        "type": "Point",
        "coordinates": [
          20.126771,
          50.0736157
        ]
      },
      "id": "node/11175475455"
    },
    {
      "type": "Feature",
      "properties": {
        "@id": "node/11175475456",
        "highway": "traffic_signals",
        "traffic_signals": "signal"
      },
      "geometry": {
        "type": "Point",
        "coordinates": [
          20.1260951,
          50.07344
        ]
      },
      "id": "node/11175475456"
    },
    {
      "type": "Feature",
      "properties": {
        "@id": "node/11175475457",
        "highway": "traffic_signals",
        "traffic_signals": "signal",
        "traffic_signals:direction": "forward"
      },
      "geometry": {
        "type": "Point",
        "coordinates": [
          20.1393715,
          50.0748354
        ]
      },
      "id": "node/11175475457"
    },
    {
      "type": "Feature",
      "properties": {
        "@id": "node/11175475458",
        "highway": "traffic_signals",
        "traffic_signals": "signal"
      },
      "geometry": {
        "type": "Point",
        "coordinates": [
          20.1389682,
          50.0749765
        ]
      },
      "id": "node/11175475458"
    },
    {
      "type": "Feature",
      "properties": {
        "@id": "node/11175475468",
        "highway": "traffic_signals",
        "traffic_signals": "signal",
        "traffic_signals:direction": "forward"
      },
      "geometry": {
        "type": "Point",
        "coordinates": [
          20.1392034,
          50.0753211
        ]
      },
      "id": "node/11175475468"
    },
    {
      "type": "Feature",
      "properties": {
        "@id": "node/11235539646",
        "highway": "traffic_signals"
      },
      "geometry": {
        "type": "Point",
        "coordinates": [
          19.9632777,
          50.059236
        ]
      },
      "id": "node/11235539646"
    },
    {
      "type": "Feature",
      "properties": {
        "@id": "node/11235539647",
        "highway": "traffic_signals",
        "traffic_signals:direction": "backward"
      },
      "geometry": {
        "type": "Point",
        "coordinates": [
          19.9629586,
          50.0593255
        ]
      },
      "id": "node/11235539647"
    },
    {
      "type": "Feature",
      "properties": {
        "@id": "node/11235539648",
        "highway": "traffic_signals"
      },
      "geometry": {
        "type": "Point",
        "coordinates": [
          19.9627858,
          50.058885
        ]
      },
      "id": "node/11235539648"
    },
    {
      "type": "Feature",
      "properties": {
        "@id": "node/11237085309",
        "highway": "traffic_signals",
        "traffic_signals": "traffic_lights",
        "traffic_signals:direction": "forward"
      },
      "geometry": {
        "type": "Point",
        "coordinates": [
          19.9467386,
          50.0436318
        ]
      },
      "id": "node/11237085309"
    },
    {
      "type": "Feature",
      "properties": {
        "@id": "node/11237085310",
        "highway": "traffic_signals",
        "traffic_signals": "traffic_lights",
        "traffic_signals:direction": "backward"
      },
      "geometry": {
        "type": "Point",
        "coordinates": [
          19.9473696,
          50.0439601
        ]
      },
      "id": "node/11237085310"
    },
    {
      "type": "Feature",
      "properties": {
        "@id": "node/11280303594",
        "highway": "traffic_signals",
        "traffic_signals": "signal"
      },
      "geometry": {
        "type": "Point",
        "coordinates": [
          19.9587012,
          50.065475
        ]
      },
      "id": "node/11280303594"
    },
    {
      "type": "Feature",
      "properties": {
        "@id": "node/11280303595",
        "highway": "traffic_signals",
        "traffic_signals": "signal"
      },
      "geometry": {
        "type": "Point",
        "coordinates": [
          19.9595669,
          50.0651141
        ]
      },
      "id": "node/11280303595"
    },
    {
      "type": "Feature",
      "properties": {
        "@id": "node/11280303596",
        "highway": "traffic_signals",
        "traffic_signals": "signal"
      },
      "geometry": {
        "type": "Point",
        "coordinates": [
          19.959515,
          50.0652852
        ]
      },
      "id": "node/11280303596"
    },
    {
      "type": "Feature",
      "properties": {
        "@id": "node/11280303597",
        "highway": "traffic_signals",
        "traffic_signals": "signal"
      },
      "geometry": {
        "type": "Point",
        "coordinates": [
          19.9608053,
          50.0661638
        ]
      },
      "id": "node/11280303597"
    },
    {
      "type": "Feature",
      "properties": {
        "@id": "node/11282144014",
        "highway": "traffic_signals",
        "traffic_signals": "signal",
        "traffic_signals:direction": "backward"
      },
      "geometry": {
        "type": "Point",
        "coordinates": [
          19.9381974,
          50.0332529
        ]
      },
      "id": "node/11282144014"
    },
    {
      "type": "Feature",
      "properties": {
        "@id": "node/11282144015",
        "highway": "traffic_signals",
        "traffic_signals": "signal"
      },
      "geometry": {
        "type": "Point",
        "coordinates": [
          19.9386313,
          50.0329729
        ]
      },
      "id": "node/11282144015"
    },
    {
      "type": "Feature",
      "properties": {
        "@id": "node/11282144016",
        "highway": "traffic_signals",
        "traffic_signals": "signal"
      },
      "geometry": {
        "type": "Point",
        "coordinates": [
          19.9387559,
          50.0334607
        ]
      },
      "id": "node/11282144016"
    },
    {
      "type": "Feature",
      "properties": {
        "@id": "node/11316344560",
        "highway": "traffic_signals",
        "traffic_signals:direction": "forward"
      },
      "geometry": {
        "type": "Point",
        "coordinates": [
          20.0743935,
          49.994097
        ]
      },
      "id": "node/11316344560"
    },
    {
      "type": "Feature",
      "properties": {
        "@id": "node/11337808289",
        "highway": "traffic_signals"
      },
      "geometry": {
        "type": "Point",
        "coordinates": [
          19.9877736,
          50.0643355
        ]
      },
      "id": "node/11337808289"
    },
    {
      "type": "Feature",
      "properties": {
        "@id": "node/11337808290",
        "highway": "traffic_signals",
        "traffic_signals:direction": "forward"
      },
      "geometry": {
        "type": "Point",
        "coordinates": [
          19.9878292,
          50.0643468
        ]
      },
      "id": "node/11337808290"
    },
    {
      "type": "Feature",
      "properties": {
        "@id": "node/11530071233",
        "highway": "traffic_signals"
      },
      "geometry": {
        "type": "Point",
        "coordinates": [
          19.9656023,
          50.1089936
        ]
      },
      "id": "node/11530071233"
    },
    {
      "type": "Feature",
      "properties": {
        "@id": "node/11530071234",
        "highway": "traffic_signals"
      },
      "geometry": {
        "type": "Point",
        "coordinates": [
          19.9657151,
          50.1085711
        ]
      },
      "id": "node/11530071234"
    },
    {
      "type": "Feature",
      "properties": {
        "@id": "node/11530071235",
        "highway": "traffic_signals",
        "traffic_signals:direction": "backward"
      },
      "geometry": {
        "type": "Point",
        "coordinates": [
          19.9652916,
          50.1088449
        ]
      },
      "id": "node/11530071235"
    },
    {
      "type": "Feature",
      "properties": {
        "@id": "node/11532092545",
        "highway": "traffic_signals",
        "traffic_signals": "signal"
      },
      "geometry": {
        "type": "Point",
        "coordinates": [
          19.9609698,
          50.0939025
        ]
      },
      "id": "node/11532092545"
    },
    {
      "type": "Feature",
      "properties": {
        "@id": "node/11622426741",
        "highway": "traffic_signals",
        "traffic_signals:direction": "backward"
      },
      "geometry": {
        "type": "Point",
        "coordinates": [
          19.9671603,
          50.0603806
        ]
      },
      "id": "node/11622426741"
    },
    {
      "type": "Feature",
      "properties": {
        "@id": "node/11622426742",
        "highway": "traffic_signals"
      },
      "geometry": {
        "type": "Point",
        "coordinates": [
          19.9674451,
          50.0602662
        ]
      },
      "id": "node/11622426742"
    },
    {
      "type": "Feature",
      "properties": {
        "@id": "node/11622426743",
        "highway": "traffic_signals"
      },
      "geometry": {
        "type": "Point",
        "coordinates": [
          19.9670216,
          50.0599903
        ]
      },
      "id": "node/11622426743"
    },
    {
      "type": "Feature",
      "properties": {
        "@id": "node/11622426744",
        "highway": "traffic_signals",
        "traffic_signals:direction": "backward"
      },
      "geometry": {
        "type": "Point",
        "coordinates": [
          19.9673614,
          50.059886
        ]
      },
      "id": "node/11622426744"
    },
    {
      "type": "Feature",
      "properties": {
        "@id": "node/11697553634",
        "highway": "traffic_signals",
        "traffic_signals": "traffic_lights",
        "traffic_signals:direction": "backward"
      },
      "geometry": {
        "type": "Point",
        "coordinates": [
          19.9773097,
          50.0212186
        ]
      },
      "id": "node/11697553634"
    },
    {
      "type": "Feature",
      "properties": {
        "@id": "node/11784013981",
        "highway": "traffic_signals"
      },
      "geometry": {
        "type": "Point",
        "coordinates": [
          19.957128,
          50.0883852
        ]
      },
      "id": "node/11784013981"
    },
    {
      "type": "Feature",
      "properties": {
        "@id": "node/11784013997",
        "highway": "traffic_signals"
      },
      "geometry": {
        "type": "Point",
        "coordinates": [
          19.9568955,
          50.0886602
        ]
      },
      "id": "node/11784013997"
    },
    {
      "type": "Feature",
      "properties": {
        "@id": "node/11895788686",
        "highway": "traffic_signals",
        "traffic_signals:direction": "backward"
      },
      "geometry": {
        "type": "Point",
        "coordinates": [
          20.0279334,
          49.9993916
        ]
      },
      "id": "node/11895788686"
    },
    {
      "type": "Feature",
      "properties": {
        "@id": "node/11900416911",
        "highway": "traffic_signals"
      },
      "geometry": {
        "type": "Point",
        "coordinates": [
          19.9701244,
          50.0665949
        ]
      },
      "id": "node/11900416911"
    },
    {
      "type": "Feature",
      "properties": {
        "@id": "node/11901964415",
        "direction": "backward",
        "highway": "traffic_signals",
        "traffic_signals": "signal"
      },
      "geometry": {
        "type": "Point",
        "coordinates": [
          19.8895813,
          50.0814607
        ]
      },
      "id": "node/11901964415"
    },
    {
      "type": "Feature",
      "properties": {
        "@id": "node/11901964416",
        "direction": "forward",
        "highway": "traffic_signals",
        "traffic_signals": "signal"
      },
      "geometry": {
        "type": "Point",
        "coordinates": [
          19.8890233,
          50.0815754
        ]
      },
      "id": "node/11901964416"
    },
    {
      "type": "Feature",
      "properties": {
        "@id": "node/11901964418",
        "direction": "backward",
        "highway": "traffic_signals",
        "traffic_signals": "signal"
      },
      "geometry": {
        "type": "Point",
        "coordinates": [
          19.8809818,
          50.0821919
        ]
      },
      "id": "node/11901964418"
    },
    {
      "type": "Feature",
      "properties": {
        "@id": "node/11901964419",
        "direction": "forward",
        "highway": "traffic_signals",
        "traffic_signals": "signal"
      },
      "geometry": {
        "type": "Point",
        "coordinates": [
          19.8804856,
          50.0822133
        ]
      },
      "id": "node/11901964419"
    },
    {
      "type": "Feature",
      "properties": {
        "@id": "node/11901964420",
        "direction": "backward",
        "highway": "traffic_signals",
        "traffic_signals": "signal"
      },
      "geometry": {
        "type": "Point",
        "coordinates": [
          19.880767,
          50.0823402
        ]
      },
      "id": "node/11901964420"
    },
    {
      "type": "Feature",
      "properties": {
        "@id": "node/11901964421",
        "direction": "forward",
        "highway": "traffic_signals",
        "traffic_signals": "signal"
      },
      "geometry": {
        "type": "Point",
        "coordinates": [
          19.8807586,
          50.0820176
        ]
      },
      "id": "node/11901964421"
    },
    {
      "type": "Feature",
      "properties": {
        "@id": "node/12031191690",
        "highway": "traffic_signals",
        "traffic_signals:direction": "forward"
      },
      "geometry": {
        "type": "Point",
        "coordinates": [
          19.9697494,
          50.0663067
        ]
      },
      "id": "node/12031191690"
    },
    {
      "type": "Feature",
      "properties": {
        "@id": "node/12031191691",
        "highway": "traffic_signals"
      },
      "geometry": {
        "type": "Point",
        "coordinates": [
          19.9695901,
          50.0664508
        ]
      },
      "id": "node/12031191691"
    },
    {
      "type": "Feature",
      "properties": {
        "@id": "node/12031191693",
        "highway": "traffic_signals"
      },
      "geometry": {
        "type": "Point",
        "coordinates": [
          19.9691399,
          50.0665935
        ]
      },
      "id": "node/12031191693"
    },
    {
      "type": "Feature",
      "properties": {
        "@id": "node/12031191694",
        "highway": "traffic_signals",
        "traffic_signals:direction": "backward"
      },
      "geometry": {
        "type": "Point",
        "coordinates": [
          19.9689703,
          50.0667088
        ]
      },
      "id": "node/12031191694"
    },
    {
      "type": "Feature",
      "properties": {
        "@id": "node/12031191695",
        "highway": "traffic_signals"
      },
      "geometry": {
        "type": "Point",
        "coordinates": [
          19.9686823,
          50.0664399
        ]
      },
      "id": "node/12031191695"
    },
    {
      "type": "Feature",
      "properties": {
        "@id": "node/12099099063",
        "highway": "traffic_signals",
        "traffic_signals": "signal"
      },
      "geometry": {
        "type": "Point",
        "coordinates": [
          19.9449631,
          50.0720415
        ]
      },
      "id": "node/12099099063"
    },
    {
      "type": "Feature",
      "properties": {
        "@id": "node/12166169037",
        "highway": "traffic_signals",
        "traffic_signals:direction": "forward"
      },
      "geometry": {
        "type": "Point",
        "coordinates": [
          20.0641621,
          49.9842298
        ]
      },
      "id": "node/12166169037"
    },
    {
      "type": "Feature",
      "properties": {
        "@id": "node/12166169038",
        "highway": "traffic_signals",
        "traffic_signals:direction": "backward"
      },
      "geometry": {
        "type": "Point",
        "coordinates": [
          20.0644166,
          49.9841777
        ]
      },
      "id": "node/12166169038"
    },
    {
      "type": "Feature",
      "properties": {
        "@id": "node/12166169044",
        "highway": "traffic_signals",
        "traffic_signals:direction": "backward"
      },
      "geometry": {
        "type": "Point",
        "coordinates": [
          20.0643859,
          49.9843247
        ]
      },
      "id": "node/12166169044"
    },
    {
      "type": "Feature",
      "properties": {
        "@id": "node/12300180503",
        "direction": "forward",
        "highway": "traffic_signals",
        "traffic_signals": "signal"
      },
      "geometry": {
        "type": "Point",
        "coordinates": [
          20.0592341,
          50.0904875
        ]
      },
      "id": "node/12300180503"
    },
    {
      "type": "Feature",
      "properties": {
        "@id": "node/12300180504",
        "direction": "backward",
        "highway": "traffic_signals",
        "traffic_signals": "signal"
      },
      "geometry": {
        "type": "Point",
        "coordinates": [
          20.0595388,
          50.0903827
        ]
      },
      "id": "node/12300180504"
    },
    {
      "type": "Feature",
      "properties": {
        "@id": "node/12327480351",
        "highway": "traffic_signals",
        "traffic_signals": "signal",
        "traffic_signals:direction": "backward"
      },
      "geometry": {
        "type": "Point",
        "coordinates": [
          20.1330377,
          50.0891819
        ]
      },
      "id": "node/12327480351"
    },
    {
      "type": "Feature",
      "properties": {
        "@id": "node/12329284763",
        "highway": "traffic_signals",
        "traffic_signals": "signal"
      },
      "geometry": {
        "type": "Point",
        "coordinates": [
          19.9308572,
          50.0915141
        ]
      },
      "id": "node/12329284763"
    },
    {
      "type": "Feature",
      "properties": {
        "@id": "node/12329284764",
        "highway": "traffic_signals",
        "traffic_signals": "signal"
      },
      "geometry": {
        "type": "Point",
        "coordinates": [
          19.9308682,
          50.0912545
        ]
      },
      "id": "node/12329284764"
    },
    {
      "type": "Feature",
      "properties": {
        "@id": "node/12329284765",
        "highway": "traffic_signals",
        "traffic_signals": "signal"
      },
      "geometry": {
        "type": "Point",
        "coordinates": [
          19.9314799,
          50.0911901
        ]
      },
      "id": "node/12329284765"
    },
    {
      "type": "Feature",
      "properties": {
        "@id": "node/12329284766",
        "highway": "traffic_signals",
        "traffic_signals": "signal"
      },
      "geometry": {
        "type": "Point",
        "coordinates": [
          19.9314604,
          50.091447
        ]
      },
      "id": "node/12329284766"
    },
    {
      "type": "Feature",
      "properties": {
        "@id": "node/12375759160",
        "highway": "traffic_signals"
      },
      "geometry": {
        "type": "Point",
        "coordinates": [
          19.9626741,
          50.0977552
        ]
      },
      "id": "node/12375759160"
    },
    {
      "type": "Feature",
      "properties": {
        "@id": "node/12375759161",
        "highway": "traffic_signals"
      },
      "geometry": {
        "type": "Point",
        "coordinates": [
          19.9622582,
          50.097524
        ]
      },
      "id": "node/12375759161"
    },
    {
      "type": "Feature",
      "properties": {
        "@id": "node/12375759162",
        "highway": "traffic_signals"
      },
      "geometry": {
        "type": "Point",
        "coordinates": [
          19.9618885,
          50.0978462
        ]
      },
      "id": "node/12375759162"
    },
    {
      "type": "Feature",
      "properties": {
        "@id": "node/12375759163",
        "highway": "traffic_signals"
      },
      "geometry": {
        "type": "Point",
        "coordinates": [
          19.9622984,
          50.0980527
        ]
      },
      "id": "node/12375759163"
    },
    {
      "type": "Feature",
      "properties": {
        "@id": "node/12375807921",
        "highway": "traffic_signals"
      },
      "geometry": {
        "type": "Point",
        "coordinates": [
          19.9634795,
          50.1014768
        ]
      },
      "id": "node/12375807921"
    },
    {
      "type": "Feature",
      "properties": {
        "@id": "node/12375807946",
        "highway": "traffic_signals"
      },
      "geometry": {
        "type": "Point",
        "coordinates": [
          19.9630809,
          50.1017221
        ]
      },
      "id": "node/12375807946"
    },
    {
      "type": "Feature",
      "properties": {
        "@id": "node/12375807947",
        "highway": "traffic_signals"
      },
      "geometry": {
        "type": "Point",
        "coordinates": [
          19.9638835,
          50.1017785
        ]
      },
      "id": "node/12375807947"
    },
    {
      "type": "Feature",
      "properties": {
        "@id": "node/12375807948",
        "highway": "traffic_signals"
      },
      "geometry": {
        "type": "Point",
        "coordinates": [
          19.9634842,
          50.1020358
        ]
      },
      "id": "node/12375807948"
    },
    {
      "type": "Feature",
      "properties": {
        "@id": "node/12378256261",
        "highway": "traffic_signals"
      },
      "geometry": {
        "type": "Point",
        "coordinates": [
          19.9580781,
          50.0893456
        ]
      },
      "id": "node/12378256261"
    },
    {
      "type": "Feature",
      "properties": {
        "@id": "node/12378256263",
        "highway": "traffic_signals"
      },
      "geometry": {
        "type": "Point",
        "coordinates": [
          19.9610261,
          50.0934775
        ]
      },
      "id": "node/12378256263"
    },
    {
      "type": "Feature",
      "properties": {
        "@id": "node/12400030248",
        "highway": "traffic_signals"
      },
      "geometry": {
        "type": "Point",
        "coordinates": [
          19.9642657,
          50.0424868
        ]
      },
      "id": "node/12400030248"
    },
    {
      "type": "Feature",
      "properties": {
        "@id": "node/12400030249",
        "highway": "traffic_signals"
      },
      "geometry": {
        "type": "Point",
        "coordinates": [
          19.9643396,
          50.0426584
        ]
      },
      "id": "node/12400030249"
    },
    {
      "type": "Feature",
      "properties": {
        "@id": "node/12474134921",
        "highway": "traffic_signals",
        "traffic_signals": "signal"
      },
      "geometry": {
        "type": "Point",
        "coordinates": [
          19.9737556,
          50.0454725
        ]
      },
      "id": "node/12474134921"
    },
    {
      "type": "Feature",
      "properties": {
        "@id": "node/12474134922",
        "highway": "traffic_signals",
        "traffic_signals": "signal"
      },
      "geometry": {
        "type": "Point",
        "coordinates": [
          19.9734824,
          50.0452757
        ]
      },
      "id": "node/12474134922"
    },
    {
      "type": "Feature",
      "properties": {
        "@id": "node/12474134923",
        "highway": "traffic_signals",
        "traffic_signals": "signal"
      },
      "geometry": {
        "type": "Point",
        "coordinates": [
          19.9730213,
          50.0452196
        ]
      },
      "id": "node/12474134923"
    },
    {
      "type": "Feature",
      "properties": {
        "@id": "node/12474134925",
        "highway": "traffic_signals",
        "traffic_signals": "signal"
      },
      "geometry": {
        "type": "Point",
        "coordinates": [
          19.9730156,
          50.0449486
        ]
      },
      "id": "node/12474134925"
    },
    {
      "type": "Feature",
      "properties": {
        "@id": "node/12474134926",
        "highway": "traffic_signals",
        "traffic_signals": "signal"
      },
      "geometry": {
        "type": "Point",
        "coordinates": [
          19.9737393,
          50.0448391
        ]
      },
      "id": "node/12474134926"
    },
    {
      "type": "Feature",
      "properties": {
        "@id": "node/12474134927",
        "highway": "traffic_signals",
        "traffic_signals": "signal"
      },
      "geometry": {
        "type": "Point",
        "coordinates": [
          19.9735443,
          50.0449946
        ]
      },
      "id": "node/12474134927"
    },
    {
      "type": "Feature",
      "properties": {
        "@id": "node/12583166079",
        "crossing:island": "no",
        "highway": "traffic_signals",
        "traffic_signals:direction": "forward"
      },
      "geometry": {
        "type": "Point",
        "coordinates": [
          20.1452227,
          50.0588702
        ]
      },
      "id": "node/12583166079"
    },
    {
      "type": "Feature",
      "properties": {
        "@id": "node/12583166080",
        "crossing:island": "no",
        "highway": "traffic_signals",
        "traffic_signals:direction": "forward"
      },
      "geometry": {
        "type": "Point",
        "coordinates": [
          20.1452226,
          50.0588899
        ]
      },
      "id": "node/12583166080"
    },
    {
      "type": "Feature",
      "properties": {
        "@id": "node/12583166081",
        "crossing:island": "no",
        "highway": "traffic_signals",
        "traffic_signals:direction": "backward"
      },
      "geometry": {
        "type": "Point",
        "coordinates": [
          20.1452616,
          50.0588851
        ]
      },
      "id": "node/12583166081"
    },
    {
      "type": "Feature",
      "properties": {
        "@id": "node/12583166082",
        "crossing:island": "no",
        "highway": "traffic_signals",
        "traffic_signals:direction": "backward"
      },
      "geometry": {
        "type": "Point",
        "coordinates": [
          20.1452566,
          50.0588541
        ]
      },
      "id": "node/12583166082"
    },
    {
      "type": "Feature",
      "properties": {
        "@id": "node/12673336504",
        "highway": "traffic_signals",
        "traffic_signals": "signal"
      },
      "geometry": {
        "type": "Point",
        "coordinates": [
          19.9075001,
          49.9745338
        ]
      },
      "id": "node/12673336504"
    },
    {
      "type": "Feature",
      "properties": {
        "@id": "node/12723792857",
        "highway": "traffic_signals",
        "traffic_signals": "signal",
        "traffic_signals:direction": "backward"
      },
      "geometry": {
        "type": "Point",
        "coordinates": [
          19.9285031,
          50.0947462
        ]
      },
      "id": "node/12723792857"
    },
    {
      "type": "Feature",
      "properties": {
        "@id": "node/12723792858",
        "highway": "traffic_signals",
        "traffic_signals": "signal",
        "traffic_signals:direction": "forward"
      },
      "geometry": {
        "type": "Point",
        "coordinates": [
          19.9293105,
          50.0948712
        ]
      },
      "id": "node/12723792858"
    },
    {
      "type": "Feature",
      "properties": {
        "@id": "node/12723792859",
        "highway": "traffic_signals",
        "traffic_signals": "signal",
        "traffic_signals:direction": "forward"
      },
      "geometry": {
        "type": "Point",
        "coordinates": [
          19.928655,
          50.0950361
        ]
      },
      "id": "node/12723792859"
    },
    {
      "type": "Feature",
      "properties": {
        "@id": "node/12723792860",
        "highway": "traffic_signals",
        "traffic_signals": "signal",
        "traffic_signals:direction": "forward"
      },
      "geometry": {
        "type": "Point",
        "coordinates": [
          19.929142,
          50.0945982
        ]
      },
      "id": "node/12723792860"
    },
    {
      "type": "Feature",
      "properties": {
        "@id": "node/12804108231",
        "highway": "traffic_signals",
        "traffic_signals": "controller",
        "traffic_signals:direction": "forward"
      },
      "geometry": {
        "type": "Point",
        "coordinates": [
          20.001257,
          49.9844565
        ]
      },
      "id": "node/12804108231"
    },
    {
      "type": "Feature",
      "properties": {
        "@id": "node/12856300422",
        "highway": "traffic_signals",
        "traffic_signals": "signal",
        "traffic_signals:direction": "forward"
      },
      "geometry": {
        "type": "Point",
        "coordinates": [
          19.9193591,
          50.0905863
        ]
      },
      "id": "node/12856300422"
    },
    {
      "type": "Feature",
      "properties": {
        "@id": "node/12856300423",
        "highway": "traffic_signals",
        "traffic_signals": "signal",
        "traffic_signals:direction": "backward"
      },
      "geometry": {
        "type": "Point",
        "coordinates": [
          19.9188708,
          50.0907261
        ]
      },
      "id": "node/12856300423"
    },
    {
      "type": "Feature",
      "properties": {
        "@id": "node/12856300424",
        "highway": "traffic_signals",
        "traffic_signals": "signal",
        "traffic_signals:direction": "forward"
      },
      "geometry": {
        "type": "Point",
        "coordinates": [
          19.9186922,
          50.0903266
        ]
      },
      "id": "node/12856300424"
    },
    {
      "type": "Feature",
      "properties": {
        "@id": "node/12856300425",
        "highway": "traffic_signals",
        "traffic_signals": "signal",
        "traffic_signals:direction": "forward"
      },
      "geometry": {
        "type": "Point",
        "coordinates": [
          19.9192704,
          50.0901909
        ]
      },
      "id": "node/12856300425"
    },
    {
      "type": "Feature",
      "properties": {
        "@id": "node/13001395117",
        "highway": "traffic_signals",
        "traffic_signals": "traffic_lights"
      },
      "geometry": {
        "type": "Point",
        "coordinates": [
          19.9474499,
          50.0961999
        ]
      },
      "id": "node/13001395117"
    },
    {
      "type": "Feature",
      "properties": {
        "@id": "node/13001395118",
        "highway": "traffic_signals",
        "traffic_signals": "traffic_lights"
      },
      "geometry": {
        "type": "Point",
        "coordinates": [
          19.9466671,
          50.0962559
        ]
      },
      "id": "node/13001395118"
    },
    {
      "type": "Feature",
      "properties": {
        "@id": "node/13001395119",
        "highway": "traffic_signals",
        "traffic_signals": "traffic_lights"
      },
      "geometry": {
        "type": "Point",
        "coordinates": [
          19.9470239,
          50.096432
        ]
      },
      "id": "node/13001395119"
    },
    {
      "type": "Feature",
      "properties": {
        "@id": "node/13001395120",
        "highway": "traffic_signals",
        "traffic_signals": "traffic_lights"
      },
      "geometry": {
        "type": "Point",
        "coordinates": [
          19.946828,
          50.0959481
        ]
      },
      "id": "node/13001395120"
    },
    {
      "type": "Feature",
      "properties": {
        "@id": "node/13001395121",
        "highway": "traffic_signals",
        "traffic_signals": "traffic_lights"
      },
      "geometry": {
        "type": "Point",
        "coordinates": [
          19.9347589,
          50.084539
        ]
      },
      "id": "node/13001395121"
    },
    {
      "type": "Feature",
      "properties": {
        "@id": "node/13001395122",
        "highway": "traffic_signals",
        "traffic_signals": "traffic_lights"
      },
      "geometry": {
        "type": "Point",
        "coordinates": [
          19.9350578,
          50.0847904
        ]
      },
      "id": "node/13001395122"
    },
    {
      "type": "Feature",
      "properties": {
        "@id": "node/13001395123",
        "highway": "traffic_signals",
        "traffic_signals": "traffic_lights"
      },
      "geometry": {
        "type": "Point",
        "coordinates": [
          19.9346357,
          50.0848465
        ]
      },
      "id": "node/13001395123"
    },
    {
      "type": "Feature",
      "properties": {
        "@id": "node/13001395124",
        "highway": "traffic_signals",
        "traffic_signals": "traffic_lights",
        "traffic_signals:direction": "forward"
      },
      "geometry": {
        "type": "Point",
        "coordinates": [
          19.9245284,
          50.0836412
        ]
      },
      "id": "node/13001395124"
    },
    {
      "type": "Feature",
      "properties": {
        "@id": "node/13001395125",
        "highway": "traffic_signals",
        "traffic_signals": "traffic_lights"
      },
      "geometry": {
        "type": "Point",
        "coordinates": [
          19.9246321,
          50.0839106
        ]
      },
      "id": "node/13001395125"
    },
    {
      "type": "Feature",
      "properties": {
        "@id": "node/13001395126",
        "highway": "traffic_signals",
        "traffic_signals": "traffic_lights"
      },
      "geometry": {
        "type": "Point",
        "coordinates": [
          19.9239424,
          50.0840365
        ]
      },
      "id": "node/13001395126"
    },
    {
      "type": "Feature",
      "properties": {
        "@id": "node/13001395127",
        "highway": "traffic_signals",
        "traffic_signals": "traffic_lights"
      },
      "geometry": {
        "type": "Point",
        "coordinates": [
          19.9238963,
          50.0837484
        ]
      },
      "id": "node/13001395127"
    },
    {
      "type": "Feature",
      "properties": {
        "@id": "node/13001395128",
        "highway": "traffic_signals",
        "traffic_signals": "traffic_lights",
        "traffic_signals:direction": "backward"
      },
      "geometry": {
        "type": "Point",
        "coordinates": [
          19.9151763,
          50.0823836
        ]
      },
      "id": "node/13001395128"
    },
    {
      "type": "Feature",
      "properties": {
        "@id": "node/13001395129",
        "highway": "traffic_signals",
        "traffic_signals": "traffic_lights",
        "traffic_signals:direction": "backward"
      },
      "geometry": {
        "type": "Point",
        "coordinates": [
          19.9155197,
          50.082579
        ]
      },
      "id": "node/13001395129"
    },
    {
      "type": "Feature",
      "properties": {
        "@id": "node/13001395130",
        "highway": "traffic_signals",
        "traffic_signals": "traffic_lights",
        "traffic_signals:direction": "backward"
      },
      "geometry": {
        "type": "Point",
        "coordinates": [
          19.9158173,
          50.0823915
        ]
      },
      "id": "node/13001395130"
    },
    {
      "type": "Feature",
      "properties": {
        "@id": "node/13001395131",
        "highway": "traffic_signals",
        "traffic_signals": "traffic_lights",
        "traffic_signals:direction": "forward"
      },
      "geometry": {
        "type": "Point",
        "coordinates": [
          19.9154273,
          50.0822339
        ]
      },
      "id": "node/13001395131"
    },
    {
      "type": "Feature",
      "properties": {
        "@id": "node/13001395134",
        "highway": "traffic_signals",
        "traffic_signals": "traffic_lights",
        "traffic_signals:direction": "forward"
      },
      "geometry": {
        "type": "Point",
        "coordinates": [
          19.8915533,
          50.0878338
        ]
      },
      "id": "node/13001395134"
    },
    {
      "type": "Feature",
      "properties": {
        "@id": "node/13001395137",
        "highway": "traffic_signals",
        "traffic_signals": "traffic_lights",
        "traffic_signals:direction": "forward"
      },
      "geometry": {
        "type": "Point",
        "coordinates": [
          19.8915336,
          50.0876607
        ]
      },
      "id": "node/13001395137"
    },
    {
      "type": "Feature",
      "properties": {
        "@id": "node/13001395138",
        "highway": "traffic_signals",
        "traffic_signals": "traffic_lights",
        "traffic_signals:direction": "forward"
      },
      "geometry": {
        "type": "Point",
        "coordinates": [
          19.892373,
          50.0876877
        ]
      },
      "id": "node/13001395138"
    },
    {
      "type": "Feature",
      "properties": {
        "@id": "node/13001395139",
        "highway": "traffic_signals",
        "traffic_signals": "traffic_lights",
        "traffic_signals:direction": "forward"
      },
      "geometry": {
        "type": "Point",
        "coordinates": [
          19.8921066,
          50.0876002
        ]
      },
      "id": "node/13001395139"
    },
    {
      "type": "Feature",
      "properties": {
        "@id": "node/13001395140",
        "highway": "traffic_signals",
        "traffic_signals": "traffic_lights",
        "traffic_signals:direction": "forward"
      },
      "geometry": {
        "type": "Point",
        "coordinates": [
          19.8911816,
          50.0873212
        ]
      },
      "id": "node/13001395140"
    },
    {
      "type": "Feature",
      "properties": {
        "@id": "node/13001395141",
        "highway": "traffic_signals",
        "traffic_signals": "traffic_lights",
        "traffic_signals:direction": "forward"
      },
      "geometry": {
        "type": "Point",
        "coordinates": [
          19.8909026,
          50.0872644
        ]
      },
      "id": "node/13001395141"
    },
    {
      "type": "Feature",
      "properties": {
        "@id": "node/13001395142",
        "highway": "traffic_signals",
        "traffic_signals": "traffic_lights",
        "traffic_signals:direction": "forward"
      },
      "geometry": {
        "type": "Point",
        "coordinates": [
          19.8917145,
          50.0870298
        ]
      },
      "id": "node/13001395142"
    },
    {
      "type": "Feature",
      "properties": {
        "@id": "node/13001395143",
        "highway": "traffic_signals",
        "traffic_signals": "traffic_lights"
      },
      "geometry": {
        "type": "Point",
        "coordinates": [
          19.8917536,
          50.0872025
        ]
      },
      "id": "node/13001395143"
    },
    {
      "type": "Feature",
      "properties": {
        "@id": "node/13008835335",
        "highway": "traffic_signals",
        "traffic_signals:direction": "forward"
      },
      "geometry": {
        "type": "Point",
        "coordinates": [
          20.0524841,
          50.0758768
        ]
      },
      "id": "node/13008835335"
    },
    {
      "type": "Feature",
      "properties": {
        "@id": "node/13008835336",
        "highway": "traffic_signals"
      },
      "geometry": {
        "type": "Point",
        "coordinates": [
          20.0521079,
          50.0759743
        ]
      },
      "id": "node/13008835336"
    },
    {
      "type": "Feature",
      "properties": {
        "@id": "node/13008835337",
        "highway": "traffic_signals"
      },
      "geometry": {
        "type": "Point",
        "coordinates": [
          20.0524244,
          50.0763168
        ]
      },
      "id": "node/13008835337"
    },
    {
      "type": "Feature",
      "properties": {
        "@id": "node/13008835338",
        "highway": "traffic_signals",
        "traffic_signals:direction": "backward"
      },
      "geometry": {
        "type": "Point",
        "coordinates": [
          20.0521354,
          50.0764305
        ]
      },
      "id": "node/13008835338"
    },
    {
      "type": "Feature",
      "properties": {
        "@id": "node/13186113525",
        "highway": "traffic_signals",
        "traffic_signals": "signal",
        "traffic_signals:direction": "forward"
      },
      "geometry": {
        "type": "Point",
        "coordinates": [
          20.0837146,
          50.0122115
        ]
      },
      "id": "node/13186113525"
    },
    {
      "type": "Feature",
      "properties": {
        "@id": "node/13186113526",
        "highway": "traffic_signals",
        "traffic_signals": "signal",
        "traffic_signals:direction": "backward"
      },
      "geometry": {
        "type": "Point",
        "coordinates": [
          20.0839568,
          50.0123724
        ]
      },
      "id": "node/13186113526"
    },
    {
      "type": "Feature",
      "properties": {
        "@id": "node/13186113527",
        "highway": "traffic_signals",
        "traffic_signals": "signal",
        "traffic_signals:direction": "forward"
      },
      "geometry": {
        "type": "Point",
        "coordinates": [
          20.0840453,
          50.0120336
        ]
      },
      "id": "node/13186113527"
    },
    {
      "type": "Feature",
      "properties": {
        "@id": "node/13186113528",
        "highway": "traffic_signals",
        "traffic_signals": "signal",
        "traffic_signals:direction": "backward"
      },
      "geometry": {
        "type": "Point",
        "coordinates": [
          20.0842538,
          50.0122379
        ]
      },
      "id": "node/13186113528"
    },
    {
      "type": "Feature",
      "properties": {
        "@id": "node/13244280359",
        "highway": "traffic_signals"
      },
      "geometry": {
        "type": "Point",
        "coordinates": [
          19.9647669,
          50.1050409
        ]
      },
      "id": "node/13244280359"
    },
    {
      "type": "Feature",
      "properties": {
        "@id": "node/13244280360",
        "highway": "traffic_signals"
      },
      "geometry": {
        "type": "Point",
        "coordinates": [
          19.964221,
          50.1053113
        ]
      },
      "id": "node/13244280360"
    },
    {
      "type": "Feature",
      "properties": {
        "@id": "node/13244280361",
        "highway": "traffic_signals"
      },
      "geometry": {
        "type": "Point",
        "coordinates": [
          19.9646076,
          50.1055552
        ]
      },
      "id": "node/13244280361"
    },
    {
      "type": "Feature",
      "properties": {
        "@id": "node/13244280365",
        "highway": "traffic_signals"
      },
      "geometry": {
        "type": "Point",
        "coordinates": [
          19.9647337,
          50.1055443
        ]
      },
      "id": "node/13244280365"
    },
    {
      "type": "Feature",
      "properties": {
        "@id": "node/13286377408",
        "highway": "traffic_signals",
        "traffic_signals:direction": "forward"
      },
      "geometry": {
        "type": "Point",
        "coordinates": [
          19.8884147,
          50.0760575
        ]
      },
      "id": "node/13286377408"
    },
    {
      "type": "Feature",
      "properties": {
        "@id": "node/13286377409",
        "highway": "traffic_signals",
        "traffic_signals:direction": "forward"
      },
      "geometry": {
        "type": "Point",
        "coordinates": [
          19.8879895,
          50.0758928
        ]
      },
      "id": "node/13286377409"
    },
    {
      "type": "Feature",
      "properties": {
        "@id": "node/13286377410",
        "highway": "traffic_signals",
        "traffic_signals:direction": "backward"
      },
      "geometry": {
        "type": "Point",
        "coordinates": [
          19.8884765,
          50.0758056
        ]
      },
      "id": "node/13286377410"
    },
    {
      "type": "Feature",
      "properties": {
        "@id": "node/13286377411",
        "highway": "traffic_signals",
        "traffic_signals:direction": "forward"
      },
      "geometry": {
        "type": "Point",
        "coordinates": [
          19.888592,
          50.0757826
        ]
      },
      "id": "node/13286377411"
    },
    {
      "type": "Feature",
      "properties": {
        "@id": "node/13286377412",
        "highway": "traffic_signals",
        "traffic_signals:direction": "forward"
      },
      "geometry": {
        "type": "Point",
        "coordinates": [
          19.8890139,
          50.0757029
        ]
      },
      "id": "node/13286377412"
    },
    {
      "type": "Feature",
      "properties": {
        "@id": "node/13286377413",
        "highway": "traffic_signals",
        "traffic_signals:direction": "forward"
      },
      "geometry": {
        "type": "Point",
        "coordinates": [
          19.8887127,
          50.0756049
        ]
      },
      "id": "node/13286377413"
    },
    {
      "type": "Feature",
      "properties": {
        "@id": "node/13313623978",
        "highway": "traffic_signals",
        "traffic_signals": "signal",
        "traffic_signals:direction": "forward"
      },
      "geometry": {
        "type": "Point",
        "coordinates": [
          20.0413023,
          49.9938348
        ]
      },
      "id": "node/13313623978"
    },
    {
      "type": "Feature",
      "properties": {
        "@id": "node/13313623979",
        "highway": "traffic_signals",
        "traffic_signals": "signal",
        "traffic_signals:direction": "backward"
      },
      "geometry": {
        "type": "Point",
        "coordinates": [
          20.0412978,
          49.9938996
        ]
      },
      "id": "node/13313623979"
    },
    {
      "type": "Feature",
      "properties": {
        "@id": "node/13313623981",
        "highway": "traffic_signals",
        "traffic_signals": "signal",
        "traffic_signals:direction": "forward"
      },
      "geometry": {
        "type": "Point",
        "coordinates": [
          20.0410115,
          49.9939653
        ]
      },
      "id": "node/13313623981"
    },
    {
      "type": "Feature",
      "properties": {
        "@id": "node/13385767135",
        "highway": "traffic_signals",
        "traffic_signals:direction": "backward"
      },
      "geometry": {
        "type": "Point",
        "coordinates": [
          20.0071275,
          50.0710848
        ]
      },
      "id": "node/13385767135"
    },
    {
      "type": "Feature",
      "properties": {
        "@id": "node/13385767136",
        "highway": "traffic_signals",
        "traffic_signals:direction": "forward"
      },
      "geometry": {
        "type": "Point",
        "coordinates": [
          20.0071669,
          50.0711754
        ]
      },
      "id": "node/13385767136"
    },
    {
      "type": "Feature",
      "properties": {
        "@id": "node/13406738703",
        "highway": "traffic_signals",
        "traffic_signals": "signal"
      },
      "geometry": {
        "type": "Point",
        "coordinates": [
          19.9814451,
          50.0407655
        ]
      },
      "id": "node/13406738703"
    },
    {
      "type": "Feature",
      "properties": {
        "@id": "node/13406738704",
        "highway": "traffic_signals",
        "traffic_signals": "signal"
      },
      "geometry": {
        "type": "Point",
        "coordinates": [
          19.9812839,
          50.0405759
        ]
      },
      "id": "node/13406738704"
    },
    {
      "type": "Feature",
      "properties": {
        "@id": "node/13419304766",
        "highway": "traffic_signals",
        "traffic_signals:direction": "forward"
      },
      "geometry": {
        "type": "Point",
        "coordinates": [
          20.0736971,
          49.9939127
        ]
      },
      "id": "node/13419304766"
    },
    {
      "type": "Feature",
      "properties": {
        "@id": "node/13419304767",
        "highway": "traffic_signals",
        "traffic_signals:direction": "backward"
      },
      "geometry": {
        "type": "Point",
        "coordinates": [
          20.0742305,
          49.9943196
        ]
      },
      "id": "node/13419304767"
    },
    {
      "type": "Feature",
      "properties": {
        "@id": "node/13419304768",
        "highway": "traffic_signals",
        "traffic_signals:direction": "backward"
      },
      "geometry": {
        "type": "Point",
        "coordinates": [
          20.0736281,
          49.9941318
        ]
      },
      "id": "node/13419304768"
    },
    {
      "type": "Feature",
      "properties": {
        "@id": "node/13419304769",
        "highway": "traffic_signals",
        "traffic_signals:direction": "forward"
      },
      "geometry": {
        "type": "Point",
        "coordinates": [
          20.0666085,
          49.9947815
        ]
      },
      "id": "node/13419304769"
    },
    {
      "type": "Feature",
      "properties": {
        "@id": "node/13419304771",
        "highway": "traffic_signals",
        "traffic_signals:direction": "backward"
      },
      "geometry": {
        "type": "Point",
        "coordinates": [
          20.0663932,
          49.9949587
        ]
      },
      "id": "node/13419304771"
    },
    {
      "type": "Feature",
      "properties": {
        "@id": "node/13419304772",
        "highway": "traffic_signals",
        "traffic_signals:direction": "forward"
      },
      "geometry": {
        "type": "Point",
        "coordinates": [
          20.06691,
          49.9948704
        ]
      },
      "id": "node/13419304772"
    },
    {
      "type": "Feature",
      "properties": {
        "@id": "node/13419304773",
        "highway": "traffic_signals",
        "traffic_signals:direction": "forward"
      },
      "geometry": {
        "type": "Point",
        "coordinates": [
          20.0550048,
          49.9948061
        ]
      },
      "id": "node/13419304773"
    },
    {
      "type": "Feature",
      "properties": {
        "@id": "node/13419304774",
        "highway": "traffic_signals",
        "traffic_signals:direction": "backward"
      },
      "geometry": {
        "type": "Point",
        "coordinates": [
          20.0547379,
          49.9947001
        ]
      },
      "id": "node/13419304774"
    },
    {
      "type": "Feature",
      "properties": {
        "@id": "node/13419304775",
        "highway": "traffic_signals",
        "traffic_signals:direction": "forward"
      },
      "geometry": {
        "type": "Point",
        "coordinates": [
          20.0551601,
          49.9947094
        ]
      },
      "id": "node/13419304775"
    },
    {
      "type": "Feature",
      "properties": {
        "@id": "node/13419304776",
        "highway": "traffic_signals"
      },
      "geometry": {
        "type": "Point",
        "coordinates": [
          20.0256072,
          50.0016662
        ]
      },
      "id": "node/13419304776"
    },
    {
      "type": "Feature",
      "properties": {
        "@id": "node/13419304777",
        "highway": "traffic_signals"
      },
      "geometry": {
        "type": "Point",
        "coordinates": [
          20.0261926,
          50.0013671
        ]
      },
      "id": "node/13419304777"
    },
    {
      "type": "Feature",
      "properties": {
        "@id": "node/13419304778",
        "highway": "traffic_signals",
        "traffic_signals:direction": "forward"
      },
      "geometry": {
        "type": "Point",
        "coordinates": [
          20.0284542,
          49.9996364
        ]
      },
      "id": "node/13419304778"
    },
    {
      "type": "Feature",
      "properties": {
        "@id": "node/13419304779",
        "highway": "traffic_signals"
      },
      "geometry": {
        "type": "Point",
        "coordinates": [
          20.0284241,
          49.999415
        ]
      },
      "id": "node/13419304779"
    },
    {
      "type": "Feature",
      "properties": {
        "@id": "node/13714853005",
        "highway": "traffic_signals",
        "tactile_paving": "no",
        "traffic_signals:direction": "backward",
        "traffic_signals:sound": "no"
      },
      "geometry": {
        "type": "Point",
        "coordinates": [
          20.0860464,
          49.978455
        ]
      },
      "id": "node/13714853005"
    }
  ]
}